sweep,x,x_parameter,qber_model,sifted_rate_model_bps,illustrative_postprocessing_bps,nominal_loss_db,rytov_variance,outage_fraction
Fiber,0.0,fiber_km,0.005485758268547935,47676233.07237322,38358720.55055123,2.0,0.0,0.0
Fiber,13.333333333333334,fiber_km,0.005552529153643848,26093517.83054293,20968601.501235124,4.666666666666667,0.0,0.0
Fiber,26.666666666666668,fiber_km,0.005596247028674913,14207903.373510964,11408359.042395191,7.333333333333334,0.0,0.0
Fiber,40.0,fiber_km,0.005633628238801704,7714680.091399964,6190382.261460957,10.0,0.0,0.0
Fiber,53.333333333333336,fiber_km,0.005679127416569258,4182695.5500945477,3353502.5043984028,12.666666666666668,0.0,0.0
Fiber,66.66666666666667,fiber_km,0.005750413629559801,2265942.9805082227,1814396.8956960707,15.333333333333336,0.0,0.0
Fiber,80.0,fiber_km,0.0058752010384147645,1227028.2926390297,980303.9714780862,18.0,0.0,0.0
Fiber,93.33333333333334,fiber_km,0.006102029754722415,664269.3876085593,528541.4054939791,20.666666666666668,0.0,0.0
Fiber,106.66666666666667,fiber_km,0.006519184396213051,359536.84537821007,283945.68372778886,23.333333333333336,0.0,0.0
Fiber,120.0,fiber_km,0.0072890270894883724,194574.44544793895,151578.35674680572,26.0,0.0,0.0
Fiber,133.33333333333334,fiber_km,0.008710442774545976,105317.40747204366,80020.53997078747,28.66666666666667,0.0,0.0
Fiber,146.66666666666669,fiber_km,0.011330513342436262,57061.83469992823,41428.69605301138,31.33333333333334,0.0,0.0
Fiber,160.0,fiber_km,0.016136236034842422,31004.390855594498,20721.951862249854,34.0,0.0,0.0
Fiber,173.33333333333334,fiber_km,0.024855930995594605,16955.46825763411,9725.735077169822,36.66666666666667,0.0,0.0
Fiber,186.66666666666669,fiber_km,0.040343104099517524,9394.61306828398,4001.4487416367215,39.333333333333336,0.0,0.0
Fiber,200.0,fiber_km,0.06678943392937133,5333.383160002645,1131.5366008929236,42.0,0.0,0.0
FSO-Terrestrial,0.1,fso_km,0.005489055757800121,46646973.80467392,37528369.400175355,2.0200000014301183,0.0029223213883373747,0.0
FSO-Terrestrial,0.76,fso_km,0.005506650987122651,40313009.16672449,32422235.090817016,2.15207519775167,0.12037959998118675,0.0
FSO-Terrestrial,1.4200000000000002,fso_km,0.00552906915631731,33384770.846325334,26839211.058395617,2.3182339851451923,0.3786662580645154,0.0
FSO-Terrestrial,2.08,fso_km,0.005562862723891916,25290912.433842365,20319830.49071796,2.766578957049939,0.7623904088656889,0.0
FSO-Terrestrial,2.74,fso_km,0.005587525610323054,26250172.181475833,21081129.572984464,3.5853605159954944,1.2635836812235313,0.0
FSO-Terrestrial,3.4000000000000004,fso_km,0.005624182490985508,21314758.314895686,17106223.45013087,4.5951897526123,1.8768921788081254,0.0
FSO-Terrestrial,4.06,fso_km,0.005658817190468216,17234983.053088203,13823328.938754521,5.654628588213269,2.598318416520804,0.0
FSO-Terrestrial,4.72,fso_km,0.005691265055703824,13673632.695708046,10960517.38553961,6.696339146236739,3.424692958514177,0.0
FSO-Terrestrial,5.38,fso_km,0.005718991293085751,10955693.631714683,8777473.915425317,7.69360965351399,4.353402430377582,0.0
FSO-Terrestrial,6.04,fso_km,0.005743004555912036,8877940.725807654,7109738.610178072,8.638237906185616,5.3822313819010414,0.0
FSO-Terrestrial,6.7,fso_km,0.005745586055331606,6624485.933206115,5304852.822945094,9.529981994271441,6.509262437898763,0.0
FSO-Terrestrial,7.36,fso_km,0.005764702888619772,5493416.124317088,4397580.798288685,10.371818555791062,7.732809350511817,0.0
FSO-Terrestrial,8.02,fso_km,0.005783405120587234,4601943.76391704,3682697.973562441,11.16783264727435,9.051370005351755,0.0
FSO-Terrestrial,8.68,fso_km,0.005802193123647225,3890513.256135514,3112322.0692193997,11.922289215027313,10.463592216819178,0.0
FSO-Terrestrial,9.34,fso_km,0.0058214732038119246,3316169.8313067523,2651938.356781208,12.639240810406054,11.968248089163028,0.0
FSO-Terrestrial,10.0,fso_km,0.005834231644034266,2856086.999267119,2283485.2654961073,13.322380723463068,13.564214324334548,0.0
Satellite-Ground,10.0,elevation_deg,0.027266951440144103,15139.675953379192,8313.46776605635,36.35417802487177,1.5389305076220878,0.04999750012499375
Satellite-Ground,15.333333333333332,elevation_deg,0.01757626757774741,27360.390112275425,17837.131062606968,32.66358191373605,0.7118124335464583,0.0
Satellite-Ground,20.666666666666664,elevation_deg,0.011681433312641636,53968.99596363521,38946.654107337774,30.205444467558838,0.41929282808080554,0.0
Satellite-Ground,26.0,elevation_deg,0.009330093329079202,88140.11296459664,66249.3319241676,28.34292644743372,0.2817761091970546,0.0
Satellite-Ground,31.333333333333332,elevation_deg,0.008154214096197673,128954.69932468774,98939.2910611949,26.855912328651442,0.2060235849948238,0.0
Satellite-Ground,36.666666666666664,elevation_deg,0.007484795345519017,175096.56333557176,135933.4647553739,25.638570873678916,0.15987602482750485,0.0
Satellite-Ground,42.0,elevation_deg,0.007070180464744414,224926.3547262398,175903.77161161928,24.62950459886038,0.12977104136011122,0.0
Satellite-Ground,47.33333333333333,elevation_deg,0.006797928841113348,276593.84607364214,217358.82018631574,23.789071343176154,0.10916572558942275,0.0
Satellite-Ground,52.666666666666664,elevation_deg,0.006611660557080048,328145.3208893863,258726.9156415943,23.090022342954015,0.09458459116996763,0.0
Satellite-Ground,58.0,elevation_deg,0.006480667607519518,377620.3600542721,298432.3745951379,22.512910495547825,0.08404467673320502,0.0
Satellite-Ground,63.33333333333333,elevation_deg,0.006387169181805845,423138.1426145805,334964.15424377064,22.043555053207765,0.07635243436108491,0.0
Satellite-Ground,68.66666666666666,elevation_deg,0.00632040228147847,462973.53786733845,366936.6125850761,21.67152748996408,0.07076141477054608,0.0
Satellite-Ground,74.0,elevation_deg,0.0062736666289829775,495622.7801255647,393142.0631104038,21.389201138994643,0.06679409905557392,0.0
Satellite-Ground,79.33333333333333,elevation_deg,0.0062427620835822616,519858.22636731673,412594.64569108986,21.191138586747005,0.06414447916551637,0.0
Satellite-Ground,84.66666666666666,elevation_deg,0.006225133404748688,534771.6285716034,424565.0197293848,21.073695982132854,0.0626232388237253,0.0
Satellite-Ground,90.0,elevation_deg,0.006219402384616823,539805.418294624,428605.4565698751,21.034776633000263,0.062127102236662526,0.0
Eve phase-resend,0.0,eve_fraction,0.005587467965543043,19263364.645106275,15470142.705819866,6.0,0.0,0.0
Eve phase-resend,0.06666666666666667,eve_fraction,0.019232107470624128,19263364.645106275,12202645.249939453,6.0,0.0,0.0
Eve phase-resend,0.13333333333333333,eve_fraction,0.03584470314971686,19263364.645106275,8989701.168356996,6.0,0.0,0.0
Eve phase-resend,0.2,eve_fraction,0.05186011961854865,19263364.645106275,6318084.462361748,6.0,0.0,0.0
Eve phase-resend,0.26666666666666666,eve_fraction,0.067878639817376,19263364.645106275,3932268.292094668,6.0,0.0,0.0
Eve phase-resend,0.3333333333333333,eve_fraction,0.08409525461794841,19263364.645106275,1741921.4741810632,6.0,0.0,0.0
Eve phase-resend,0.4,eve_fraction,0.09803798839555986,19263364.645106275,8157.433450728335,6.0,0.0,0.0
Eve phase-resend,0.4666666666666667,eve_fraction,0.11237646573147729,19263364.645106275,0.0,6.0,0.0,0.0
Eve phase-resend,0.5333333333333333,eve_fraction,0.12760463822526985,19263364.645106275,0.0,6.0,0.0,0.0
Eve phase-resend,0.6,eve_fraction,0.14105351411016656,19263364.645106275,0.0,6.0,0.0,0.0
Eve phase-resend,0.6666666666666666,eve_fraction,0.15509631072168029,19263364.645106275,0.0,6.0,0.0,0.0
Eve phase-resend,0.7333333333333333,eve_fraction,0.1687437133445736,19263364.645106275,0.0,6.0,0.0,0.0
Eve phase-resend,0.8,eve_fraction,0.1845634311365181,19263364.645106275,0.0,6.0,0.0,0.0
Eve phase-resend,0.8666666666666667,eve_fraction,0.19791360787203593,19263364.645106275,0.0,6.0,0.0,0.0
Eve phase-resend,0.9333333333333333,eve_fraction,0.21076998251970622,19263364.645106275,0.0,6.0,0.0,0.0
Eve phase-resend,1.0,eve_fraction,0.22436667682348846,19263364.645106275,0.0,6.0,0.0,0.0
Eve beam-split,0.0,eve_tap,0.005582935151054711,19263366.326314457,15471413.083904924,6.0,0.0,0.0
Eve beam-split,0.06666666666666667,eve_tap,0.005587693952939791,17990941.848428994,14448218.406773064,6.0,0.0,0.0
Eve beam-split,0.13333333333333333,eve_tap,0.005592638546273705,16716847.42981367,13423813.81451927,6.0,0.0,0.0
Eve beam-split,0.2,eve_tap,0.005597815002653199,15441080.891298598,12398197.878727954,6.0,0.0,0.0
Eve beam-split,0.26666666666666666,eve_tap,0.005603286146222784,14163640.0508705,11371369.170645459,6.0,0.0,0.0
Eve beam-split,0.3333333333333333,eve_tap,0.005609139929522734,12884522.723668959,10343326.26185877,6.0,0.0,0.0
Eve beam-split,0.4,eve_tap,0.005615503392919927,11603726.721982704,9314067.725427479,6.0,0.0,0.0
Eve beam-split,0.4666666666666667,eve_tap,0.005622567092945829,10321249.855245927,8283592.137864526,6.0,0.0,0.0
Eve beam-split,0.5333333333333333,eve_tap,0.005630630467687907,9037089.93003452,7251898.082812764,6.0,0.0,0.0
Eve beam-split,0.6,eve_tap,0.005640192563724633,7751244.750062365,6218984.158390817,6.0,0.0,0.0
Eve beam-split,0.6666666666666666,eve_tap,0.0056521516243035145,6463712.116177589,5184848.993329548,6.0,0.0,0.0
Eve beam-split,0.7333333333333333,eve_tap,0.005668304021701133,5174489.826358831,4149491.287224566,6.0,0.0,0.0
Eve beam-split,0.8,eve_tap,0.005692840885062185,3883575.6757115023,3112909.930891906,6.0,0.0,0.0
Eve beam-split,0.8666666666666667,eve_tap,0.005738333469598146,2590967.4564640364,2075104.4850811006,6.0,0.0,0.0
Eve beam-split,0.9333333333333333,eve_tap,0.005867612474605625,1296662.957964124,1036078.4888578593,6.0,0.0,0.0
Eve beam-split,1.0,eve_tap,0.5,659.9666749663356,0.0,6.0,0.0,0.0
