0.27014642190134563,0.093576675880194679,0.26640410949310755,0.97012783379656342,-6.5510811095167139
0.26331041197993355,0.1450410325472018,0.29848274675352626,0.98419445073147371,-5.3787872465144426
0.22889142754237254,0.16315131326714044,0.2423278908794575,0.98345239479709068,-5.6214683634478764
0.2904533890405665,0.14704299218156702,0.15287946897967894,0.9882259681305654,-5.6700251194928173
0.19722954306138557,0.11440774743081014,0.46285938792343867,0.9629810056217275,-5.8331698154838643
0.059103296828158486,0.1161532617557705,0.42842995372394277,0.95235901912485432,-5.4860520776200534
0.31820464068002929,0.108573989459625,0.11873915322851537,0.99089256674712511,-6.024914869837529
0.21937765704326931,0.11946064733503438,0.15929792018577849,0.99146470155998911,-5.7188689611421015
0.034330855937741309,0.068908481583590989,0.59380757064393686,0.94085743045503811,-5.9429718493745867
0.34248881600588799,0.093263964985290299,0.77499291846471385,0.96956480611150864,-4.9428536885329839
0.17620380196854518,0.12404321005638592,0.18283833791775103,0.94879154418817369,-5.4551035157139038
0.17809205257308822,0.10586257928034125,0.62922451568271454,0.95152752666955331,-5.5959120507895141
0.18193927208963517,0.13109697102814127,0.4174604354812041,0.97156075809758402,-5.6550921546376776
0.15848105630135229,0.15596841524717006,0.16075948405550147,0.98733926031185848,-6.3573506946336211
0.29214699442659675,0.067121518948011147,0.28209078542582317,0.9826245586864506,-4.8384366048680061
0.24918728351093952,0.11441715565262353,0.78674330938491299,0.98527473249729081,-4.7624211050408984
0.24880196834437177,0.17323442213250928,0.20826228630945914,0.94087369086711026,-5.8241371061546765
0.037216613145673989,0.11526284805514096,0.61583677029249051,0.97948391106671484,-5.750010953876588
0.14842260575856167,0.17582313883634912,0.57122875410503571,0.98888319780353917,-5.4981086731483719
0.3337263263147161,0.12319144933303454,0.044162795599773409,0.98109544468686705,-6.3530512560999028
0.36564017524270165,0.15842582358331173,0.069906973898609545,0.952291608971639,-4.7283623232230028
0.25786978513522479,0.16630605945463467,0.24824097503940562,0.99422940817178929,-6.2824900633929088
0.059745949237531765,0.084829327441696481,0.35517576662982403,0.9429285750832721,-6.2532702174349399
0.038717386952451138,0.16871114483179028,0.54438011416188026,0.96121181990535465,-4.8688196370866024
0.30246402263392647,0.13350163066708653,0.33697165711988181,0.94865381151626238,-6.129734815834059
0.093830320746911847,0.13649955229832567,0.51285802033775763,0.9858207997800188,-6.8673661082795228
0.19124776132730786,0.13934080527921977,0.4612961477678803,0.96983659451337634,-5.4845973738183584
0.27102604791977469,0.061187601837402877,0.12360021322674811,0.94489066820373324,-5.0766368044833365
0.3506609878098691,0.17475648476128325,0.71457342078952624,0.95907669287103181,-5.1913023093834791
0.032619749581754301,0.083415674755532229,0.060886255316581192,0.95703436678131004,-5.2244282391556878
0.26338416923681263,0.09230108937997332,0.39531697289219614,0.97316651942227705,-5.9169132366372725
0.30041283191954404,0.081798688517198209,0.089865073900147557,0.97832525952528293,-5.9724318484163339
0.090725619040195549,0.16948469220499374,0.29200654586719421,0.95677080519045921,-6.6268612421094932
0.16765925142858532,0.10576086073418417,0.29028943739223889,0.96826600095469617,-5.5580128399985451
0.078832731267783202,0.1728548038201686,0.23527019370705546,0.96392405381505508,-6.8144088925792241
0.05978610114776841,0.13414703414199386,0.3149229103873355,0.94652938980111989,-5.2862340221599613
0.1660301758103622,0.063564659237259943,0.70904220472077706,0.94211940803202743,-6.413952179668609
0.14753522226613414,0.087881304535240123,0.84511987138312972,0.9914683408437962,-6.4666765789690821
0.1151990535606469,0.065548051147443803,0.73160254744826647,0.98815340158305964,-6.9784014665890899
0.09090710260961965,0.096023166822736955,0.16309595109908664,0.95811569910954331,-5.9915565393119596
0.058757394850569675,0.096251018255545689,0.61089405995487933,0.98342517691686238,-5.5903716438814062
0.10432751245499772,0.13894855655350866,0.6693659886440978,0.94619793557133325,-6.107954870004118
0.076396326990883195,0.11754588518650216,0.73237390001260827,0.94516556815029862,-5.8796496530547371
0.23857464640401388,0.13196737904675776,0.41686239689104204,0.9848975613420603,-5.695974249613835
0.25088462340112982,0.084858641447958377,0.43604685606522775,0.98452371514081782,-5.2751775214779286
0.097055435982693963,0.10736678928050732,0.65176945538185205,0.94646021083908594,-6.3433509101357064
0.043501345295072068,0.08186063582668883,0.20875540003925294,0.94904121562178501,-6.1205824508962667
0.2768562641274494,0.13877438560187511,0.59411861904934482,0.94772705857330919,-4.8743187883299077
0.29873000106162295,0.08561750781390072,0.46219485624300755,0.97372520451867894,-4.9948352305925638
0.095977258830939799,0.096372225235128617,0.36143486470876535,0.97749068396184025,-6.6909848179245461
0.2832526339298248,0.097265116069996826,0.28721502003287341,0.96229328398011926,-5.0201137035635632
0.29682284416123916,0.079800972339191548,0.83473226841981862,0.95240018729123843,-5.6246225889731276
0.24299131026598214,0.1658161527575267,0.62328009230953541,0.97926335187795832,-4.7976941504170263
0.37520470305758058,0.076643667876627533,0.59741221630598185,0.97312555962956071,-5.3326014259308092
0.081368972688118463,0.10993264826576141,0.77403923156095977,0.9794198179793181,-5.7354854143824658
0.12663187075210947,0.12092905743695523,0.63148220321364013,0.94985829527285803,-6.4949160000146957
0.27271718606921047,0.12604990705861058,0.059217002699970225,0.96630716519448534,-6.0806628994464669
0.16383533062757119,0.077048412755746976,0.35953693958320404,0.97677020776512791,-5.7732650177180753
0.22085985321452065,0.10619872923815088,0.11886771084299676,0.98578089208560338,-6.4232848162277332
0.26872012774539311,0.15201284520871694,0.28116782206517843,0.98697592186162542,-4.8740930512962946
0.095999670385287145,0.099431837227514502,0.22581173050330719,0.97300599308840352,-6.2265528807634523
0.084021304297627983,0.077151435982890343,0.098106757499314273,0.94885466546611852,-5.2963269438723994
0.093531097277910799,0.1489333852038322,0.076806119512209239,0.94583348833690384,-5.4292373825882265
0.34550884834999795,0.16252159146097633,0.79732156145293442,0.96034359811058956,-6.0590634893779489
0.34048700037321444,0.099377796239440014,0.51681720531131004,0.98287771674336433,-6.1350766982375911
0.12216267228368125,0.098045189123551757,0.63808784783122552,0.97327036600995787,-5.6014448392428289
0.3123506904067227,0.11048212218448299,0.75847858455399964,0.9492775993279573,-5.0849288916275981
0.20139083681795217,0.16690330508350509,0.61568884873799012,0.94012165320213315,-6.1906536213201449
0.35678398153982882,0.1782785618543142,0.77228986652414333,0.96238008038136458,-6.8543662289730909
0.3614504832312958,0.14683334825971972,0.29919803812655033,0.97092311652710317,-6.7923956626602413
0.28517532021054948,0.16181517214841956,0.45827644202377738,0.94641050129013082,-5.1768127406324567
0.16387879626930879,0.1187696841412295,0.67255142638733678,0.97132435678499718,-6.4023882315171292
0.25934017315366698,0.1128823622142132,0.80268373297761531,0.96595988177100789,-5.1170496288270906
0.18798757319896248,0.1133037738878377,0.033626018504613581,0.94475358441966617,-4.8388473683372588
0.3114900156388104,0.17989668650574747,0.71358996798058183,0.98928242752508899,-5.2295289654952724
0.16151329857881888,0.17353199163012689,0.75403929764088395,0.96057171779708994,-6.6737259197973948
0.27881192128222143,0.17343887138517325,0.72282113691462035,0.95333358189251682,-6.1560278393306529
0.33634853828583766,0.085977149568109423,0.31386735809062749,0.96491313616812602,-6.7232510807273789
0.30811979518918353,0.1428056755281214,0.0092772204188414243,0.9525083528418079,-6.1041448305241293
0.042714219604322236,0.12622447425177735,0.53155559377863726,0.95980595885361508,-5.8111565868047528
0.25764752968438254,0.12858167944424487,0.10431809746944672,0.96231066252251363,-6.4372138328500279
0.30516773436095024,0.15987973412612239,0.2994765723932919,0.96060891648045177,-6.8707869385918032
0.3182984420886924,0.075459189421892503,0.66520230105770473,0.95886500530618135,-5.8316812755038727
0.082215509572606288,0.066210540937737095,0.7369479937044956,0.98834772606631016,-5.0040879560291502
0.076947533693886377,0.12139509218146123,0.29080910572102969,0.94292240523084803,-6.0509809192751121
0.18301561110464235,0.11146039981268302,0.50406525094386601,0.94774704012580446,-5.8169898824512565
0.11804968001222257,0.067533271597956676,0.28131589528530548,0.94296561747439933,-6.4537128086763591
0.1803754520632585,0.15572375103585373,0.66611449719952653,0.98488425831201942,-6.7845124377979946
0.14621498154562726,0.12822101083596529,0.23306351851238663,0.98398020171338019,-6.7053492570983133
0.20569295428538173,0.076163745480077871,0.17421375059065264,0.98845674810459327,-5.4676958295268188
0.23701571807025215,0.094901472246086332,0.58673777409267236,0.99204850782231957,-6.3808981760404047
0.21534200063772133,0.14005110888954969,0.83686213033947254,0.97285922979945672,-6.8977742094871344
0.37515236299598909,0.17406342961286173,0.047478311772051425,0.95167626493882052,-6.8959756924445497
0.042778542012730625,0.061276735609951651,0.34356124492123907,0.96507381949357418,-6.6546667863527995
0.35028736872488919,0.16589893458136162,0.35370500096890162,0.97569639563029709,-5.1585753557184919
0.28173561473570763,0.10063850555622532,0.28573302378080978,0.96552053357631074,-5.1455943555380834
0.32523030671032938,0.10872514555792656,0.0075776689957387233,0.97161768328538112,-6.8617542055533907
0.16360238292505741,0.15488081872848117,0.38781005639747107,0.98103293000164837,-6.3000600413439196
0.033349558063009134,0.10926823546567782,0.30257665366294911,0.9828261747319893,-6.6108788719163902
0.082897471210418364,0.16508211852538834,0.018155433426221883,0.98687676471942964,-6.5882008376007724
0.04785486732273582,0.17282150539131608,0.70581492666627388,0.99328412237776531,-4.8271076953141616
0.067060637407801799,0.15542501873612524,0.11990428844898686,0.9702746776407617,-5.0660111562839578
0.046793410124755574,0.10970317214730779,0.84951384242400108,0.969075713249688,-6.8591211871207944
0.25380174380902365,0.17021461596142046,0.044728793034854324,0.95498875408152806,-5.5384564577208035
0.2876457214782131,0.13472921234844706,0.58939798685175382,0.98042052409832792,-5.2585832890788105
0.099879422054421629,0.067630631315284753,0.56729839100831836,0.95024763016178526,-5.2656225751607186
0.089557546479659578,0.078956848225662526,0.83802802584897396,0.95311402922386679,-5.6325971369855274
0.16362574446211556,0.067488659162448603,0.54219075703724806,0.95933795632844199,-6.5050804875550776
0.36681216453757992,0.13982198690310013,0.64845270779656572,0.98046036540517045,-6.5187836195000131
0.27382494069162922,0.083087521165850761,0.52914626396714526,0.98821138426089083,-6.2855884724955802
0.08395658126772762,0.074214173944771894,0.41929933393559915,0.94690761980507288,-5.9529226551754206
0.23294925394711047,0.15745292360457142,0.039411284850305081,0.95749724271818004,-4.7385827139601346
0.15411598422772299,0.11794593024763692,0.42336724016234895,0.95018822885546261,-5.4111042344460589
0.042412139164552123,0.16569222180641618,0.067106132413698436,0.97996412907698938,-4.8517367899139696
0.15847694523967221,0.13710232259911892,0.81863603602541424,0.97737104918031736,-5.9174202291845104
0.13600438596844572,0.10085869505032238,0.77347927763493984,0.97698244202500761,-5.5130655980994598
0.040945799116868721,0.1446224395446864,0.56065438109714716,0.94820155897307035,-6.4749523734288825
0.085972682282344753,0.066756943567864102,0.74826530743109088,0.95862845403781605,-6.9335406768993906
0.13405512146755702,0.094936792150765517,0.29524434756634305,0.95213556870067662,-6.5870192699887369
0.2276978743733202,0.11487113540428964,0.10574776154881156,0.97672179982752705,-6.4064323123799838
0.16222150851665823,0.13739124468571065,0.55270163730970678,0.97847016172587509,-5.0345786022676435
0.11631605583184394,0.11979769820549052,0.58531397525243356,0.981140757387158,-6.7334088473355962
0.14876341826898579,0.13541264167152217,0.47556378651124614,0.97708055807782024,-5.9837519563141566
0.16537383456302412,0.11233407581691177,0.45457549402484221,0.99211693176724502,-5.3297786751613128
0.37069201565089294,0.12718387422452343,0.39492295770383817,0.95324755467430766,-5.1391573748741335
0.18935461557254307,0.074336459580009784,0.4077201721150599,0.99016901826758108,-6.7708590633324812
0.22345913695120168,0.087241523997474285,0.65578213440432243,0.96446447199251562,-4.8188492678492887
0.21023226242920373,0.097042659499880474,0.25690773290575031,0.98892405004266237,-6.4182394439397026
0.27810292102796574,0.14227123220041879,0.82266457463369203,0.98135836371906537,-5.1032488536840965
0.34496906774841585,0.15094060968179948,0.2769703788615841,0.98472886731254705,-5.8322693932955678
0.37953454227889905,0.07554114028538568,0.43949044047339397,0.94349001753098738,-4.7428978090268084
0.19267640889852461,0.068664642501167064,0.028353502589994195,0.96103453488945678,-6.3616839610514679
0.11957363929821571,0.15872005621824853,0.33471940430327363,0.95430960774224405,-5.9638144480868256
0.2425105659831637,0.10202772806690258,0.51535322792301808,0.98815251059644749,-5.4726545619498701
0.24795182328276702,0.10413646948314845,0.64815519178033676,0.97122151050223682,-4.8534970034287657
0.039247936256142937,0.10543870767227753,0.14788273021998957,0.97244534195698806,-5.5084133319746655
0.048823568881207362,0.11127546849806993,0.31309645799442648,0.9926826767068776,-5.8084188451706202
0.25452522852198345,0.094706625058685684,0.050191076935134492,0.99303930270260299,-6.6889253968746392
0.071985030582360415,0.16948136336317005,0.71636293538401941,0.97871523369367641,-6.447076791904764
0.095652036373135296,0.085952917774741247,0.61174980251521072,0.96253872059819512,-5.2659520975970073
0.21033022506475696,0.063300013904783292,0.17933439297180875,0.95517427000024646,-5.4310342204892788
0.35137524410112753,0.14456115404609776,0.22620843250216585,0.95648711894085825,-5.2885479872994345
0.063803568277064238,0.13506608343166504,0.3204552941404738,0.98358067450298348,-5.0526969722064461
0.32598519047702135,0.066177999743566765,0.79170333919622315,0.97010429683579813,-6.5792624514909903
0.31699439245095629,0.078454078369692662,0.13866050739760594,0.97078525827114237,-6.1805333617557929
0.21173754360635544,0.1649045635419904,0.32412870490224788,0.94317415322894094,-5.4263703464056094
0.12766376396576937,0.1082373604864139,0.34172793080073544,0.96314757891172609,-6.7262615640596159
0.041631227287496082,0.083469606489681686,0.25474184492928664,0.97670157079494324,-5.3558157283277534
0.16392957515136214,0.065207579953899197,0.081059968439031085,0.99247590088058768,-4.8653056865824045
0.28142582185980758,0.15489016975226577,0.77876964849680441,0.94930744829552938,-4.7816912889430103
0.35307771098605611,0.17094563083105391,0.053107777366758729,0.98732066662115969,-5.8954494785041733
0.094971200837250844,0.10107277869075648,0.093790725655840776,0.98450382649935009,-6.2159500432465693
0.045881205992231902,0.17087051131781406,0.61092467942790152,0.95741919521932017,-5.5056481473277508
0.28854120143162687,0.10450745158109215,0.59680964380481805,0.97555327545896187,-6.9490800780939725
0.041914296858417487,0.074135816626283504,0.5403716872810298,0.97327029698703627,-4.8343689205790596
0.29514391437096965,0.068364354921353801,0.60265339377476312,0.96151173694099323,-6.8839952698570457
0.061406044070318341,0.10203944979455457,0.82360060399176882,0.95325233065391768,-6.5793807168161536
0.35512123557592745,0.15478602197560562,0.46441248396982671,0.98391357599773466,-6.5474716691859829
0.32683595974448387,0.11759942785741284,0.30414162904316427,0.95716222470745926,-6.2370890434258905
0.33372973848083676,0.11980051433534204,0.60357186624094139,0.98121801478649751,-5.8717509404727259
0.24852226898192456,0.15467006321451565,0.45610526405588248,0.98592115398083113,-6.5284622233632685
0.11405682968634348,0.16889613449599516,0.24689550354185241,0.99147593811126145,-5.2746939683949314
0.049509904566981275,0.14982421134781942,0.55672402775191743,0.96413598446651305,-6.7083445947365776
0.068169773150246804,0.067341765362797179,0.3251004922473183,0.95588552445360397,-5.665434651817594
0.28031272741767066,0.11051071026961773,0.45441634407338377,0.98913399414992054,-6.1950850210007538
0.12522081887687178,0.062868055874368445,0.048878129200145094,0.96361633269268088,-5.278383372209869
0.059499584616707013,0.15032748355341741,0.81057270141215432,0.97220773775519742,-6.9378288139810049
0.055981865031811781,0.15109225452128713,0.4794743313812353,0.97514466284976831,-5.4851955875157712
0.23501270125341581,0.1361104244033095,0.58038968912484012,0.95901506156029726,-5.7733637756273337
0.11161954078106162,0.11257510684503694,0.82252713178161641,0.95378893273401877,-5.803766637717894
0.058912748364349357,0.17892658507643014,0.27100743067814537,0.98871186486911855,-5.6748036886386171
0.17849671211215778,0.095164600221294804,0.53863615023133682,0.98115015055070098,-5.9831015064386595
0.11704317962761977,0.14171463551607533,0.051576123592116892,0.98630584873504723,-4.8729664426708723
0.092619471867801895,0.15262019889026404,0.041957846117651507,0.97321388971787259,-5.2406748789779147
0.22682241951130985,0.15977579355050636,0.74252149682486457,0.94566928672871986,-6.9877135948922637
0.28617641924246329,0.13150620481485881,0.25518781731226914,0.94683801467461648,-5.2186946010594406
0.3626573533958064,0.17916522018876221,0.55601468813270183,0.99463609159605804,-6.7369767447982891
0.14709068051379542,0.1658397293349656,0.64271551914007463,0.94217014160232671,-4.8008863326045965
0.12615874414121514,0.15150154433079138,0.52436696215404655,0.98081580136793878,-4.9711513700320102
0.065100300305567571,0.12838124385474828,0.50851386686913491,0.97759444237118853,-4.7247275040080634
0.34402445568414397,0.086845374812783829,0.64045489122742472,0.95597682339806223,-5.128262479543773
0.20303674466528268,0.17776181886716136,0.017805148087695028,0.94573110586781961,-6.5240679381703881
0.15348652226081083,0.17094283462699789,0.77234943026393998,0.9646047451757318,-6.0962755640526529
0.16544088891440031,0.081939001545747014,0.11078443145205491,0.98671164142272949,-5.853460629568735
0.34588757845900564,0.11702174922613211,0.031244008076082918,0.94751976114106162,-4.7550799786328541
0.21763114268185607,0.082500883341101672,0.54061404579186434,0.94854896525016552,-5.6767002534722542
0.083042313296611658,0.16677201731789737,0.79833244889850674,0.96120868046746488,-5.8674109753303663
0.368638039549811,0.15402876640436294,0.25600529973484615,0.98267568228629254,-4.8208822204228436
0.15765534827411104,0.12469038038455765,0.16899474423134112,0.97960479872688633,-4.7172777755748303
0.10532894362007204,0.12149118332677608,0.43510855459769088,0.9789573621214902,-6.8302731307943363
0.08015838675478984,0.093903835402635361,0.39974498051530699,0.9692546022824553,-5.9344808609947481
0.29453856656716526,0.16744234842332137,0.44420619662781247,0.98125453980765021,-6.8207571992391669
0.23788575923569172,0.091096093793460536,0.0018309698089688741,0.97677937179101337,-5.4100211045785116
0.13420766429630376,0.17817516643042347,0.32666590953302876,0.99270417949487233,-5.3868420481756845
0.10832302754362072,0.079587516788656221,0.19589848634940826,0.96377839788528374,-6.5773429201922902
0.087660229221631636,0.075076509768277538,0.049045102204966468,0.94102938648929813,-5.4648208170258892
0.041294133483255883,0.08018657954722179,0.78087640610095022,0.98414222190278811,-5.2703130061928558
0.35824244570627917,0.076288040971677601,0.44465084698782542,0.94924155163966772,-6.7692441529443963
0.25190724435310136,0.1401323065575884,0.3166207077809563,0.98671507854416862,-5.4002183747583672
0.33916907933402496,0.15076412690923893,0.74136834802636131,0.95982735366299632,-6.9766882293713008
0.32460703694576887,0.17414234624341507,0.46159192565236273,0.9450231326173778,-6.8438629223386522
0.24834503933378041,0.13290318946210197,0.59636925568839116,0.96744608798341347,-4.7275365490667394
0.17152070032256062,0.13365973472667658,0.21490818756339813,0.9549125095008032,-5.7887981945290017
0.26008829465679767,0.096306184582117135,0.18093641639615712,0.9791756647005061,-6.3752054766184978
0.13288954730210129,0.12851348982629759,0.74509177612619737,0.94665191377642055,-5.6972751079308663
0.13873985606777672,0.16987045970847614,0.78641587603029461,0.97047512592898522,-4.9648922513116922
0.068726179323885875,0.14706208392795495,0.237437840507738,0.94409021530051851,-5.8099740057373221
0.043978966670036812,0.16016118741787522,0.51841483801938026,0.94729025030263214,-4.8116732224039005
0.094701805876225426,0.074729759682254662,0.57449841017252234,0.98337655207833008,-5.0080681428042553
0.049393218632991301,0.084789940334283831,0.4309399813571963,0.94528867216123669,-6.642688648955696
0.19835577511641675,0.10467174846450529,0.37144391431029811,0.94623685300112492,-5.1408388391057525
0.10574206824215338,0.080305694803657623,0.35857289765506234,0.9595855847729009,-6.4533061553465769
0.28818977682513203,0.072550587883127987,0.62875611643341411,0.95311148222048303,-6.4657344478743628
0.088449579257576266,0.13140481417045152,0.81440689195403249,0.96072883838799061,-5.9139060233579634
0.35963573002384419,0.093685744159344803,0.16602010020124341,0.97176136918185663,-4.7133146347533792
0.065530563595710994,0.10082726097194296,0.76529141368348175,0.97952042165319886,-5.6313905684988423
0.094419424285418371,0.10860850731988703,0.70542270479492308,0.94306874576638366,-6.5961653831486196
0.22053408466320207,0.15999544387464909,0.71559872249059375,0.94613253204731074,-4.9403089327813801
0.27791423466863291,0.14058821005482086,0.73198950162165988,0.98337446382054905,-6.1887149337886207
0.11432502760541197,0.082646555245623865,0.0066537065955221018,0.97459680241207003,-5.7266487896453651
0.077532175451798649,0.12017460558455875,0.82938057802617382,0.97067905475702743,-6.9932923512196608
0.16867782608561321,0.14722787309158902,0.23542314528142455,0.983138837318416,-5.8900803033509694
0.325936670900565,0.11186389313334907,0.15263987811326057,0.98916317997229364,-5.8767771703323177
0.26159861159914427,0.093511805351651781,0.36237825259839368,0.94566956882452002,-6.7220623342325965
0.18918114705966613,0.079269272384119349,0.50123177794926743,0.94836513303917225,-6.4817869285327951
0.26830116256427206,0.17923286770588551,0.60293673320153474,0.96823276619031673,-5.9640425704743691
0.13799755035343314,0.1009608684669759,0.010842111031112184,0.94939798256347208,-6.9541247449408727
0.23776642252205574,0.10577366016963322,0.37684903945133497,0.9587997205299551,-6.1394796097118922
0.059610292489241268,0.075232280700263332,0.67932162281075803,0.96733031995743612,-4.7506430445944954
0.13853387170036452,0.1145918476368417,0.62208813356527781,0.97270327929656875,-5.0265026284148018
0.27151218765275353,0.1671500841008659,0.83202073841461899,0.96415306120761957,-5.0084649118160129
0.14704449202542802,0.14220692290418896,0.77456167808065235,0.98914691283390588,-5.1494266780344589
0.30471044837936201,0.093074809810520853,0.33891103903817837,0.99299558012066991,-4.8349159184534027
0.3106074170539761,0.16310887772014143,0.751520827847587,0.99435625879109935,-5.0713417911581322
0.033762861230653619,0.14482008798564289,0.3437441918075072,0.95335658629223552,-6.0536734828578869
0.25218209694443217,0.15520324074847197,0.6718841013611293,0.97539989083363321,-5.5050453031698598
0.30210323732003119,0.11086924043048962,0.52438064359175174,0.98878929458578402,-5.782224092585885
0.066425693074226994,0.17317243217678857,0.31050182867152376,0.96340530311696648,-5.7258203144637978
0.2765823231585755,0.14723543802748845,0.71509337758137748,0.97711749819843363,-5.3728521766422723
0.36403265017549236,0.10450281084342281,0.27025428414343766,0.95000307827804054,-6.0390008095926149
0.32637875517010084,0.069775520875720337,0.52758523867069207,0.95138055048813841,-5.176382176503374
0.17962092944015234,0.17077476578955864,0.37063808121255831,0.9826842649649431,-6.8709793471776468
0.25588209827890862,0.16632675603730596,0.2226493791263276,0.97027116922344936,-5.1119207980451673
0.31168117388843797,0.15282829884757726,0.65056962569428689,0.9911999919691209,-5.78961683144568
0.3502078654709968,0.099324495874904883,0.53700756731395616,0.95881973610086546,-5.4937894449012266
0.056569318906584481,0.11615375866659186,0.71265675016504049,0.9578349014488281,-5.0307458300387342
0.036721852683487391,0.076078255511084547,0.24028466560389208,0.95271813458685783,-5.4622612606117897
0.33271841050397821,0.12895380311642224,0.028250741157113988,0.96122003679191026,-6.5889434070717323
0.29533822513099384,0.14217082673560347,0.5370550576587223,0.96286384121631086,-6.8479152591263235
0.29778062353103019,0.063762956882187249,0.63833359088011432,0.97819276050246107,-6.5705800272366446
0.2597810887102785,0.14303076302763312,0.64106071784069818,0.98433319148013199,-6.9809164870869012
0.32278296879057311,0.071293761121013918,0.75046570155689929,0.95687975706485162,-6.06510199838924
0.36513580936984413,0.13907607533612057,0.39370107907120588,0.99055203848340601,-5.8556687225109405
0.24393449394798336,0.1082409252499322,0.38890053774137845,0.97463305989401172,-5.9082640388758128
0.2075612210317454,0.16788357497980688,0.11889957082265905,0.95480518313966567,-6.8790098673444868
0.29951472002734891,0.060104820336410215,0.48297937401033653,0.98577213141603381,-5.6116525428659747
0.30568847294484536,0.13064387184097687,0.42012420957773139,0.99269894135316883,-6.8398979960798361
0.27214939119611153,0.17625944164673821,0.78907419710974702,0.9580595961561662,-6.9926195607597394
0.34227456797798794,0.12927072632803638,0.78567965133882389,0.95313405520558303,-5.7129458420998596
0.053865100331254898,0.1717075192377944,0.22772821093761253,0.98464055626257074,-6.2353214315042571
0.32588777754452991,0.081271099289130413,0.68632617116646899,0.97202142906518341,-5.5458512990704323
0.25883054498007402,0.17239801728223617,0.75982261954563424,0.94952863331249804,-6.3437496344704298
0.305259379980515,0.17337618581727549,0.77092063875817796,0.99237852817458894,-6.5509868346257472
0.30890359505013076,0.1101304230558124,0.17363528522959082,0.97631213599784616,-5.0218213168739645
0.10533780482108984,0.17604766892783016,0.44001175732012815,0.97727989335245735,-4.944989320427795
0.27417409778722035,0.082213546612524446,0.81806326076782743,0.94500888161523522,-5.5064997339924888
0.28650640426020713,0.080732101082189589,0.39777197680805154,0.94353826016756714,-5.9597478642143926
0.035223411676531237,0.08794986400721666,0.6999230535183929,0.94262592223608355,-5.561308116286372
0.039784567476210467,0.085956965463198018,0.09368073511868065,0.96223105606566361,-5.4047256623702014
0.040304221019626579,0.078643696434751428,0.30428754687005333,0.94931136882291067,-6.0081159645454099
0.12202849135874157,0.089353384146904274,0.83379391838787087,0.97190596010448005,-4.8888463737090326
0.13140421283542819,0.12654511389027026,0.25958798416361123,0.98306355755354391,-4.9791939517192887
0.16788569192451933,0.13659028267523099,0.44729410465927272,0.94911928974546,-6.6590975913600952
0.22919780910854662,0.13754262329743411,0.065318360995554645,0.9480449344369074,-5.3603788497990141
0.32904595183582486,0.16438542720848767,0.48411592795447278,0.96914405558178651,-6.9203125464909991
0.2948370014068995,0.17959639558542861,0.80306490599473923,0.94966113700497012,-5.9844666270100202
0.099614688090323755,0.15074651043621679,0.035157302977431311,0.98501742284110072,-4.7108746494551959
0.13964912833832782,0.14058534444195608,0.23408003721695739,0.95448682581339339,-4.9356196418978211
0.061896666804513473,0.075092738952346152,0.52623276480376735,0.95996732027117027,-4.9240200426773724
0.27248163679616233,0.11521039564912591,0.11748647734406233,0.99352764398492988,-6.3789974358144033
0.28576249495229911,0.17391504516149631,0.19604293610803475,0.96841026727493207,-5.8880426585206465
0.2903486174708938,0.07883062968806967,0.088778534750293459,0.96991693860903982,-5.1923126151968058
0.37568677977507259,0.080497570921575931,0.42408763913767183,0.94921098308045304,-5.2162147919248802
0.12706680611317711,0.16536000102439868,0.17352288342833297,0.94230573586817146,-4.8570708444550466
0.045197563470762529,0.066008369110173007,0.36178926793504185,0.94645465823973229,-6.1476902030077412
0.21239459836684146,0.14032707303775208,0.14482928068639248,0.96421664859507561,-6.5255062017310372
0.27886736782956006,0.081036102860651368,0.094431550342778059,0.96204934401860043,-5.1987949635938877
0.35667458430150045,0.16445184944407001,0.56914920978524564,0.97277688043859167,-5.5236565966946323
0.2809627683656426,0.13176165022835917,0.28058025009141396,0.97712580018215656,-5.3502179040953717
0.22987052983634154,0.11132411070489145,0.11937635203993835,0.9888156533865784,-4.7531637143010652
0.26383665928211786,0.092385563391394115,0.61916629153912262,0.98378768973447661,-5.4415463725898956
0.073160695761545672,0.10597976139136372,0.66991568322910622,0.96295336893516603,-5.6198951098310683
0.15981256462595222,0.11513661145552437,0.3294187451131661,0.98644487297094763,-4.9115110138249083
0.32967187997735237,0.084218524184394683,0.67927771141387738,0.97117009338014193,-5.2297260071597478
0.30372505816501605,0.098139792483225602,0.45288012846289311,0.9707295392875035,-5.6425043885006652
0.32945841719855351,0.14786123233765591,0.67129677103051777,0.98185925976185451,-5.7255955327147579
0.1401693673827103,0.084725970814788498,0.66650090289672448,0.94047456244125016,-6.3047141568651623
0.17516500910388538,0.070176102078125815,0.040655883713006373,0.98260877801307434,-5.2600593914393565
0.061542371196905234,0.10012334390571342,0.090620917969953904,0.98151932830160149,-5.7235512869417136
0.26078754495206979,0.1529723264674604,0.53762963160415789,0.98550035292568106,-4.7826617377090557
0.34416917352032728,0.099825330772718227,0.26744033388957272,0.96801010162144119,-6.6038733586508878
0.28503053667022304,0.096088870867116663,0.43307399284581199,0.98323370945149202,-6.4256707433831002
0.34576108645973347,0.16222950444464806,0.30223528757537671,0.96721237232950952,-5.7760488199374134
0.28119461566962989,0.10096409973065652,0.27052204106781058,0.94981439160689196,-4.9117979403755747
0.27222440766960998,0.14913450280527107,0.42193570339810577,0.98356754069202057,-5.1103679044771058
0.3562376165254415,0.17665463913279669,0.21140524037169894,0.99485296558759884,-4.7391831321421094
0.12257536989392477,0.12491867250724754,0.50705381485479051,0.95410233329797633,-6.7426107517883089
0.058593904812398928,0.15893978580056523,0.14870979826322603,0.97202923950185494,-4.7226780543574272
0.11585387468393915,0.094020694690873069,0.66727671243906017,0.94636862331070482,-6.9642023860672202
0.13355635283469586,0.15047952244011195,0.17752009846262326,0.96777493731176412,-5.8169585589591453
0.12280863500650623,0.088174441602877324,0.3833391026133452,0.97077604243625892,-4.9578518438125432
0.11522543733060674,0.1146544326407366,0.37042790458325914,0.96331619003385305,-6.485779696466329
0.30138013965881094,0.095919857885696569,0.69155389407773182,0.95594354435388151,-6.9873405940017603
0.10556868328906244,0.17811526095503374,0.059929591127626032,0.96318686680908838,-4.8570139259943321
0.086638809121374699,0.076656706412535663,0.84612330980461981,0.95161490452343378,-5.4526858909794074
0.14054518758186804,0.107000965808633,0.33137340481956101,0.94467617574393015,-5.0781610141839861
0.26560434861985255,0.12173757073543019,0.825318593599915,0.95263032291802874,-5.0921569508443714
0.052694577368444129,0.14537116663815752,0.38132311786533163,0.9771539503863228,-6.1838267022049367
0.23784472413904773,0.15674438723660894,0.82598270309625532,0.94313128814931502,-5.57694824157858
0.33673742615680013,0.1570055074514547,0.57672841558420718,0.94090699893892626,-6.6081959020342405
0.15835370610334851,0.077694032716025929,0.11457810995345853,0.95450010900818782,-5.2737204074781125
0.034949235071714921,0.099923891341613294,0.66955925739930822,0.96562833280377247,-5.805224502651777
0.31065544450352978,0.064219724959083124,0.33306657434913139,0.99445953122860098,-4.9283304851618386
0.37254654954313426,0.10285822028773106,0.47021123049015301,0.99117242491814417,-6.9852607166269598
0.18807657272452749,0.084620720824400988,0.24705925793171385,0.95827797355618782,-6.3233151332444431
0.09774684783544986,0.076048312031442772,0.61478286968691331,0.94559136622808326,-6.7016225260017999
0.05206502856277527,0.14081088366763622,0.82242228360420644,0.96131091707121363,-5.3074909884685031
0.27550378021315625,0.088109956062242506,0.79602236471371279,0.99369122441605406,-5.9267555235041991
0.11051920754075671,0.14734095960349086,0.74090577972804927,0.98032007170419599,-5.2537701245886712
0.089451647723292796,0.11443823769545933,0.35258463403328943,0.95085766001398753,-4.8154023208333072
0.2897063412813119,0.12135973928547952,0.28767672627358715,0.97459585917070723,-5.4369491819511078
0.17660521466062395,0.066213301902509819,0.1540854983209958,0.98621448381567478,-6.9529198066741245
0.077270715695249598,0.082832416471033218,0.13922669349219327,0.96180671552570574,-6.0432273551797833
0.12437785923205709,0.11120768630141771,0.67279646453678776,0.96677468330925975,-4.8141196707522207
0.09778675672926905,0.10455286640346972,0.4500477252958589,0.95947685037018282,-5.3570655047693112
0.3666541512433994,0.14269334102535736,0.089664334089112493,0.96756324852722475,-5.4596433837424048
0.10351783681710201,0.17613793514382256,0.81816213759632583,0.94444666522764242,-5.2624946970437376
0.1940446141645675,0.061227742404130057,0.025401913991725759,0.97776466055533484,-5.3337408195775327
0.18256093640159318,0.08459884406283584,0.67646275486411522,0.96255368195606905,-5.8501991107573872
0.16812787088741044,0.098894735178237242,0.38257877294647791,0.98860376053570753,-5.2358181258153724
0.13056291748176091,0.079367487714130089,0.46666408488332967,0.95085645984199363,-5.3588822990678446
0.053251491341883159,0.085686848312840791,0.8363603469746087,0.98962314291043219,-5.8008355946936785
0.37652574084301704,0.15731852775858468,0.33159772718859193,0.96505078044715897,-5.9859178462446483
0.11445856758903394,0.080738691213721125,0.071161673646410642,0.97031618412582354,-5.4650289594064239
0.12726605079272307,0.17096701440894202,0.45851689649957261,0.99466104285909474,-5.438166018491394
0.20453282841446804,0.12467329729945528,0.69411257964283801,0.94897867835636063,-6.3148154565613126
0.22444546495216611,0.095371488271925278,0.76995395287883617,0.98778083532449845,-5.037005959249683
0.16930425880477892,0.11023190025860369,0.52447610914049458,0.94731826366040262,-6.1601368404377341
0.24845469365794226,0.10976758664840211,0.52961948281187798,0.98342774996748272,-5.245224756248744
0.046655886206497077,0.083622872285011349,0.34896902865274149,0.99104399058764381,-4.9794961971397536
0.37982922876858338,0.12743592669448681,0.60374991440701065,0.94298096270047271,-5.4866066735186205
0.19629374828346682,0.10582799385396699,0.74176961607485625,0.98007037588286128,-6.1415172961642854
0.26519494748805428,0.12794433829071064,0.035066001382035035,0.94440195590431875,-6.2718959539387305
0.28605034207213531,0.16449319103470017,0.41037494629941518,0.94784380128968782,-5.9640115134236567
0.10932776570304785,0.13038695730838842,0.75175312326141208,0.94558359765465161,-6.360062804934687
0.34382707927308132,0.081364997446279008,0.41348988179931812,0.98556416463993579,-5.8456866954818345
0.087228983500957202,0.17178488733218114,0.11836218802218629,0.97490875772935381,-6.8674586857222035
0.13928158292361259,0.1533887578186654,0.59688240202943244,0.94164509486054471,-5.1981665499033358
0.16255155196012724,0.15974491365149884,0.021435726556125821,0.96595637444343063,-4.8982210802351585
0.050887405167729077,0.15405182709616394,0.19829996663500904,0.95006508123786659,-6.0536945157959829
0.17964475277624994,0.14262588923628183,0.4176360154370512,0.96080065310250473,-6.1122128942030773
0.29790399178803162,0.068052355766185971,0.43946900368944791,0.96373969843121687,-5.7048241891272742
0.16685278794323052,0.11646818090870395,0.78561931365541671,0.94606464348898378,-6.2760993444565285
0.11998589730528685,0.085730230266014826,0.62450419866068851,0.97785286258826754,-5.8869464052868175
0.32116124426249371,0.14753350482867572,0.33375026097388028,0.98770278909999587,-5.3577945410543144
0.24369016729555851,0.16585588546115476,0.54814016553277034,0.94851218369371926,-4.7735394406526757
0.29086681973537387,0.091262879695292065,0.70633160881114776,0.97797287034718305,-5.9596776002055485
0.14015309528983688,0.16277150158352063,0.54536962829839464,0.96503746395911916,-5.0741160020636462
0.17664786546486907,0.072347569625801342,0.077861788618690919,0.97619420869123308,-6.8402017089276477
0.19450915172351563,0.071221432592604217,0.19362460434525355,0.9699491161920637,-5.6059979873190882
0.34819416527767455,0.076194679927588271,0.25753873752826972,0.97935145595576634,-5.0503102381430711
0.24911063642538026,0.12877495401087044,0.15396057055062415,0.94704793174860358,-6.4442204412529005
0.036966317607097551,0.10802186814483969,0.62935482063116965,0.9768369066686976,-4.8553659390019837
0.34569804371294344,0.11337978182653388,0.39385805228649939,0.9510655735250787,-5.1877619228984546
0.032436228760151807,0.08200816575036507,0.20732948271399262,0.96613577374709303,-5.1225731980234199
0.23319144604131817,0.14549941352656448,0.020198064527023683,0.97470224208533207,-6.8689664680758611
0.33883711580133791,0.13047405173409579,0.05632805869606642,0.94007928748955838,-4.9524863983519563
0.12486624607059978,0.16450353445152169,0.0034658512755859237,0.94114131911842525,-5.8570600817341845
0.30579756795061319,0.13331600148546735,0.508092105240187,0.94304756896438036,-5.5072880489015192
0.10171823336757416,0.13530955370032777,0.5322183368213248,0.98082945059872673,-5.8656594400535997
0.17639498530614345,0.11677387397895969,0.064766890531531049,0.95335513243756953,-6.6005044795129493
0.11066059010040641,0.12313055590560022,0.51615617923376145,0.95014570250620944,-5.7683266026354687
0.36006897940512617,0.087670902847393012,0.10922058431324644,0.9734425679251828,-5.4357958687317351
0.068319003617918594,0.10651327094938964,0.71310424299640196,0.96849097590990008,-4.9729064204469218
0.15895993352300375,0.078412937224305826,0.56918711860698301,0.96970278715556768,-5.2745374207165892
0.26876601213235174,0.13848370861911724,0.64172788885861376,0.95790519068668523,-4.7237370667472494
0.19311499924538258,0.11239188957752344,0.097887399837574093,0.95869666825808997,-5.5694341802469367
0.23404448481324489,0.085177264830360186,0.76203942888897347,0.9483768874205023,-5.3651333538168213
0.33264037502011445,0.10405723876564259,0.80653193207150708,0.94786901182994154,-6.6079984802073302
0.18040681172543485,0.085210402596799378,0.39120840330005718,0.97379139667921655,-5.841121301017199
0.29350937820967682,0.12229559036814361,0.0033291251635231278,0.97617379818180583,-5.8733804543540256
0.12786768142062097,0.15031061459774994,0.57131346073259714,0.98139916633414048,-6.5819207459122486
0.32644037910585288,0.10515785043209011,0.3723309573571924,0.9660010168072094,-6.5764563784515069
0.11156207946914289,0.092074279670475656,0.76511329282506124,0.9497204931788924,-4.728165460746431
0.31975001766196065,0.15406635117905035,0.44189455559448981,0.98217390161381446,-5.0654137034599991
0.031446801501623461,0.077463663804322722,0.14872541446015289,0.97721333670397792,-5.5203404786942052
0.35673680512453099,0.08684592370449086,0.29850154318927191,0.96650016506368486,-4.902271436914182
0.12432283328645061,0.082310232816255047,0.093975831031512899,0.98710968558006296,-6.8258837860812012
0.20568114683183944,0.15914329068971345,0.23855184899582541,0.96291709599901654,-5.1560613143617999
0.14595310519354798,0.16496416430477229,0.46174040863488369,0.96864213403511645,-6.2253565967572326
0.058568725298493572,0.070540914121383538,0.22092500526152792,0.94785179338121683,-5.1413719927827977
0.21572693059229783,0.064745804486752448,0.61470868582746463,0.99495177811505486,-6.9185752426809257
0.17842134196654988,0.1411586426515265,0.61705201600277493,0.95387477165596968,-5.2362034493021232
0.3724147226992659,0.13370088802688451,0.82358129648819389,0.97489360182815199,-6.7059686524189024
0.35388335009721927,0.085231274529949524,0.45845110266696487,0.94286010193268832,-6.6082941935389368
0.055542863536803072,0.12551124985480777,0.16648559310918343,0.95764597704009635,-5.928738598582501
0.050747520795870596,0.17860687196837524,0.82351220222974497,0.98562849713581657,-6.3996451937566849
0.19688134826587514,0.07817580139859881,0.25498994672877179,0.94255399536508322,-5.7359513518741743
0.085454114858445146,0.15296570557730116,0.083338441334363494,0.97846473337302653,-5.9491989861917141
0.085302351189466982,0.11060973555857238,0.31333804903526358,0.96770341935274051,-4.7537832335210322
0.18993671642790377,0.096994526763407696,0.20248907874689615,0.99263666244199067,-4.9639935075462436
0.22947915320286746,0.094045785107650631,0.63396135124668851,0.96226255352117884,-5.3753792701384429
0.22170704391030407,0.068836972132895871,0.65911531140142243,0.95447446356364507,-6.0321482076233073
0.16678452662464097,0.06997072102011527,0.27949467842524672,0.96890674939576815,-6.6623321895785503
0.33654541975282837,0.12517857933471577,0.57416266161699681,0.97821003183719202,-6.2630149595807456
0.37715630824216029,0.065691397575023222,0.38610076871054538,0.9517239626813595,-6.5833330341057543
0.34703546150922093,0.060255698736724234,0.022486117564976902,0.97056085420712834,-5.8074722500833431
0.18835072799918365,0.14618150935329247,0.58118188224953771,0.98032999242889762,-6.3117125998211199
0.2230798021818847,0.13016977832666693,0.4827763694358217,0.96084653696818323,-4.80233613762256
0.37898181528687647,0.16086680203837772,0.81021433600953618,0.96154215298119006,-6.0773181961567539
0.25050854209051476,0.16210554942030375,0.35390288701943895,0.94412862663935404,-5.839184657527996
0.3700267474179062,0.063473975816728659,0.50438338811645289,0.96517164185953264,-5.7353577158145512
0.30612950582313025,0.094033996919513252,0.78233683261376541,0.95901717078066473,-6.8140457841412019
0.09993257420270947,0.13176399886707604,0.38010115005777534,0.9554005936938702,-5.9027146080119905
0.058896725625391125,0.099749985655694207,0.21407506148400099,0.96612877361345628,-5.7184949693827773
0.22320657466041557,0.1767632096797444,0.12832313398831213,0.94173690859759895,-5.5328677384353275
0.32111606188716724,0.13492959821364853,0.32865895612228996,0.94601539663040446,-6.2408117199848236
0.34950185602531925,0.063947536284440665,0.71259139672912608,0.9559979050011892,-5.4140626751793821
0.20830257340689823,0.078493632368371216,0.77035719962646487,0.99385308021429353,-6.7998605839547501
0.18231119054827488,0.074156087438380008,0.081638227876851197,0.96070040291887959,-6.5861025979089449
0.27823643795152309,0.071245137846097012,0.18246185998325082,0.94291634222100862,-5.8198240689318119
0.072635841516200839,0.1694168324955776,0.49843217871116097,0.96791897368696067,-5.0302167851972968
0.058415100447719207,0.1751244685568985,0.36203474264426239,0.96267209682050037,-6.4292008734603785
0.12130786629601048,0.083204467380269057,0.28373388720039777,0.9880527947372284,-6.9122798715791358
0.29479229085289849,0.15267065906324973,0.71780513816534208,0.98874579011674513,-5.8384002035547446
0.14877459743879989,0.072443737386537144,0.57396884670556081,0.98822141626419879,-6.1600864472821693
0.32515682649610889,0.098535286123676361,0.71849149731548612,0.9691521367568583,-5.596381351250221
0.11674915431119168,0.13233878162810961,0.57711337109678729,0.94999913964691707,-6.8308482085641167
0.3601959222313128,0.1443152501501053,0.39446749312908497,0.95616266933241356,-4.9663181502072682
0.12640683626724042,0.12444175674153034,0.78130232254600007,0.96821297580557641,-5.3675001528413997
0.29351358311605968,0.10856180434969109,0.38311658792467285,0.98511272369407732,-6.9965073732545333
0.26176212403908672,0.16589060200681044,0.57091596490018048,0.991751430490313,-5.1783202754821183
0.34389143193395355,0.16845307351034589,0.52997164389405405,0.99350238387084544,-4.7602448201132876
0.28104184039232694,0.17172871463638112,0.37113096602435436,0.940589126847308,-5.9489636275680331
0.31712228908348672,0.12660133835982426,0.84544086781198913,0.97841631461819156,-6.6306691559103053
0.10757680887258647,0.16665272652712626,0.55446119758642876,0.98803450186464636,-6.4155558346182486
0.12390219091325083,0.14475816771476818,0.16258119395143319,0.96889946011924888,-6.0097257162260105
0.080723986361902339,0.068840730073652795,0.070875880830770135,0.97442344247742474,-6.9752749197666635
0.27587947715324468,0.074667640115291006,0.017659155937149201,0.94264317876002313,-6.659027354465243
0.1351121953556586,0.17174694453367947,0.19030066908225027,0.99421930471057651,-6.1203762154833834
0.1131802076457927,0.13530059620304508,0.84674689492979827,0.95136520221130438,-6.6461781084091394
0.11328330344789916,0.107135459480596,0.30761158245961873,0.98604539972087923,-5.5802732348150634
0.30465706983482788,0.069197314828754353,0.51972387359924344,0.99215498366545141,-5.1833707777131988
0.15513020128361538,0.076435881711004489,0.062329849549962998,0.94261276909461245,-5.3691192915624004
0.20340866667811966,0.10466527993465635,0.36899994047022711,0.98900264547741545,-5.2680325206785437
0.037375561149970024,0.16513834354362655,0.5053414357087761,0.96143705714239169,-5.4931933493806344
0.1635032198769559,0.12029149935993272,0.37162390902408771,0.97219567716075195,-5.8988985416988431
0.079698661989585765,0.17245746198233816,0.81737981601950038,0.96892214305857394,-6.8428481473018783
0.15734587282976684,0.14256540025048672,0.60096425928319097,0.96331981865937888,-5.639515394133273
0.32890108499818771,0.15533954145990719,0.048001650044489509,0.99336892176538072,-5.3658750727034521
0.1995028164277787,0.063734732508763325,0.1717566447604906,0.97738904224566059,-6.2821110401237714
0.32199059784569917,0.07475382531533592,0.044364718767321225,0.96410698485204727,-6.4881294104007186
0.18819929900825999,0.16843650197365173,0.78536738884046065,0.99415902381816657,-5.6205757074790812
0.22382406050005174,0.17754720947383887,0.80696156939182095,0.9917280628008972,-4.8010965642435766
0.33459998690900072,0.15127048250265734,0.13760117884549286,0.94879959590956575,-6.3857204674556449
0.20589856177987126,0.063108813486221715,0.23878145501875314,0.98252365166439559,-4.8872977866408576
0.18274416837829427,0.15016854347947395,0.31866779764509795,0.94761128401970718,-5.641653710127887
0.35219475417350754,0.15783179546443743,0.78452322916224104,0.94855980000522722,-5.299931457236859
0.2265407451841672,0.086474096390715696,0.22750261272886524,0.95952088250815326,-5.8231836186596846
0.18619214983739291,0.10092713461752732,0.22610456962094308,0.99067291071526253,-6.8387062593839527
0.21229030431264298,0.12775192483773773,0.19827932454402927,0.95345105295493071,-6.6583073419969994
0.0926692248661736,0.14304744015194421,0.72509107256119854,0.98002176758653259,-6.8478043634754906
0.05623368618612079,0.12553640868918309,0.4312276662431222,0.97889580502680251,-4.9232312072806597
0.35263239594859008,0.14811163257432147,0.84729582759897526,0.98901016342705383,-6.4333603747636356
0.11826510908143605,0.084858462751056782,0.095083346573503799,0.9449157742728862,-4.7123445414511957
0.21787431863356249,0.12291333673183115,0.50120782734070923,0.98561976341273827,-6.4415817847606549
0.25413415098976028,0.076003588203794242,0.78915340238156939,0.96441864097780461,-4.7316899452863836
0.26311217257808556,0.11869847809051462,0.27772719157580428,0.98861262569824426,-5.6530288106561759
0.356831857338618,0.13556215559109225,0.66306244145673332,0.95555142506238921,-6.775647721612307
0.13237938494165952,0.091300409901032956,0.58075639959927661,0.98700794368797062,-4.9203838172796495
0.33889999431778095,0.090822530695211304,0.63046386166992807,0.98629682366323257,-6.1335937633844635
0.34835049277506014,0.092748366916374045,0.58310651849411033,0.97599502171656738,-5.6207069709042798
0.18048226778315823,0.13372101224383909,0.83378060367211493,0.97026576230582628,-5.890380858112473
0.11950016045416881,0.13077509004737037,0.36625823984010825,0.98005137054746205,-6.1650374807902404
0.14016687528814054,0.077589959089292712,0.039254276602904571,0.95466816211908467,-5.8813582468522716
0.32542001173045776,0.060802454358105704,0.64337240731893142,0.98963803629314573,-5.5781429067022872
0.30841505375276457,0.16485447637167311,0.10478774167422628,0.96259175539868613,-6.111314929193215
0.14644936427005678,0.11582250945226782,0.38394364703331152,0.94421866933740495,-6.8052165099791955
0.23371199174653398,0.13076222663249179,0.22322848023880115,0.982971863074383,-5.2583509507549557
0.21596896557363127,0.1397424544063553,0.15861769064942752,0.95751767018315204,-5.7094138470487295
0.3592316387644956,0.1100295323236493,0.23619865823528194,0.97326829527551195,-6.7601755006929434
0.23893889926331086,0.10418826056813763,0.68419080601574689,0.97306299444178945,-5.7927936222748437
0.12252351714145791,0.16418989864524761,0.68073821818178304,0.96456697547557047,-4.7785311594024424
0.088913625670190677,0.12176917234731126,0.18943670409544597,0.98296990220068992,-6.4056945436943424
0.27457166853898696,0.12267233586124025,0.1893800903346988,0.97757052437255132,-6.2014835543407942
0.31042181603949182,0.06909558133159506,0.58233254162846504,0.97741663635599385,-4.9594309903561111
0.07699258759616838,0.1515513900539891,0.18168347228717194,0.96052822113701841,-4.9812215177970121
0.25628321812439847,0.089783656592796121,0.49037575782022769,0.95130042009956184,-6.8762615251769148
0.22733016933922223,0.15420907050429428,0.68618455973283532,0.98720709396984596,-5.0026760520680904
0.29853914524634406,0.14426460748353848,0.76053701813187358,0.98866888134995867,-4.7483646939890782
0.10704762591933856,0.15535142568935445,0.35774279868182152,0.95990918613842735,-5.7164724489254404
0.13836198607576633,0.15076416938489148,0.02924658547522585,0.97371311337714572,-6.7672043680891418
0.22064596827199648,0.12618503402571427,0.66848380062188817,0.99230971855665928,-4.9333453714940525
0.071032509416467216,0.177191253063744,0.60761451710971082,0.95564275006470023,-5.0647337297106088
0.2973268008429133,0.08196123718551708,0.51401898011677483,0.96230631325449101,-5.5582587576366311
0.25532906884877737,0.1716040540994298,0.63409651251468246,0.94424080542231958,-5.6095173144906276
0.31786000922316737,0.13494519377766939,0.51146039999517046,0.99166450111237037,-5.2380628903788473
0.17116048518559318,0.063971244518072096,0.53323247333966628,0.94331697343694854,-5.1666717549986414
0.096221134336306136,0.086017258801141624,0.71765694808027447,0.94694357328088952,-5.9746109323133361
0.21039658435818193,0.087819739006953029,0.027784325538577896,0.94454564657305151,-6.8255511599707059
0.052593242436579368,0.14790521713564417,0.13603697069595633,0.97631190564034076,-6.7680294411560586
0.25401560052459948,0.12106463431650827,0.16876278421269331,0.96997138601487753,-4.9425227772858857
0.18332765423636685,0.07540938178006952,0.0791234295896249,0.96962427226494929,-4.7383372717044239
0.33125225500330546,0.095092656556568428,0.60951571249608172,0.994896884870068,-6.5684262590701881
0.35970533633839064,0.12876698750262078,0.046905456062629976,0.96010806327040699,-6.7847513851375325
0.11464692403099605,0.13711851424402371,0.55588174127185708,0.9872239287653416,-6.817929553829547
0.30478166173779764,0.082284825364743422,0.58025559792343817,0.95200669032567831,-5.4887561701529002
0.30073283429848285,0.16361414845243533,0.15158134198876802,0.97233883387687248,-4.8180492360810909
0.18552848898871876,0.10512646766202176,0.19914022299338321,0.94343869350108689,-6.2539667433441331
0.24176113927005924,0.16938312666671057,0.10605363653317057,0.97323944763460735,-6.3714231631286236
