eta_blocks,fade,pointing,offset,cloud
0.5635068558989097,1.0513673927034288,0.99573043589672861,0.0090577047710588537,0
0.24220832801293357,0.45410208022311666,0.9909064648093483,0.01318921026334908,0
0.52899987030732543,0.98333420678080863,0.99942797137354888,0.0033212837903366836,0
0.091309836413976164,0.16978440332594427,0.99911816160218003,0.0041231221577542818,0
0.30000497224769629,0.55742678399267354,0.99985656334439199,0.0016634812675958336,0
1,5.7547896754466361,0.99326039269911026,0.011366862669562904,0
0.23373644525832799,0.43608295559581434,0.99575937478786647,0.0090270799023596734,0
0.12926856270626363,0.24022376380538438,0.99970999551662909,0.0023651524167032653,0
0.38184119934780525,0.70965149952114348,0.99961955219183307,0.0027088513264623875,0
0.5216593943617156,0.97232426197538702,0.99671958429246243,0.0079431893282756721,0
0.17399327810693191,0.32346125505923068,0.99932622512395886,0.0036044002725636988,0
0.20726757523919465,0.38527947249014599,0.99943045120109097,0.0033140808459143239,0
0.50941126658548241,0.94732652951435492,0.99900101102637295,0.0043882095132367028,0
0.36767194234386685,0.68329338746585311,0.9996554844569111,0.0025778025169113966,0
0.34012041062712839,0.63290994179045879,0.99836157745739207,0.005618049668154477,0
0.20713096207241394,0.384830387880295,0.99993724587240596,0.001100337974515924,0
0.12977827830791019,0.24150522989744796,0.99832638610451119,0.0056779671582779931,0
0.19643079042656494,0.3650947150378494,0.99954211931091219,0.0029716482762843434,0
0.18995150572161518,0.35362672773910031,0.99791773199594702,0.0063321038294940398,0
0.53424494038559978,0.99318679675542465,0.99932456188885976,0.0036088434009043718,0
0.58659256390196635,1.0939509884932108,0.99617530094941242,0.0085746543633431847,0
0.39541600665856036,0.73571563781369331,0.99848452911767982,0.0054034632949472384,0
0.24718031273663801,0.45934068074445134,0.99971463343827205,0.0023461690465986173,0
0.53836875610907853,1.0019239504148691,0.9982565561650345,0.0057950153041802727,0
0.74550183324978436,1.3891944282933637,0.99697154812505517,0.0076329609218639205,0
1,2.4291932409401622,0.99855518733116666,0.0052761727941184437,0
0.5992662795003908,1.1151328005039449,0.99836726330573944,0.0056083083795632829,0
0.30070806315218945,0.55916863576586384,0.99907789790603962,0.0042161175845770553,0
0.1497338440808075,0.27838193075668088,0.99925427089643704,0.0037918483614666205,0
0.074491008112676116,0.13905130699016735,0.99523549791409061,0.0095660710783540097,0
0.21273771227799354,0.39626354082907239,0.99737263960948075,0.0071109212410011228,0
0.20853289789635943,0.38741361266826924,0.99999259353252523,0.00037802651215817042,0
1,3.7832365638089929,0.99932878694198013,0.0035975459268586616,0
0.17926050414607383,0.33410173213677846,0.99678838270228554,0.0078597117331904442,0
0.79551908498886326,1.4781721953635696,0.99982192408061565,0.0018534594660004984,0
0.84689497620507848,1.5750192307522102,0.99894315951904478,0.0045133554919260053,0
0.14384143321560916,0.26739176864628117,0.99938551216255833,0.0034422687740535505,0
0.10390424390195746,0.19361330241811128,0.99700003880705435,0.0075970752969524913,0
0.44241228209496714,0.82444097889140111,0.99693004882217673,0.0076849284100452692,0
0.17954605872363533,0.33460515931630758,0.99687412745681203,0.0077543987216639673,0
0.35947817896907336,0.66974788175607669,0.99714488490244102,0.0074119161589943526,0
0.64585194104685628,1.2000608328409006,0.99983143969771671,0.0018032675315600472,0
0.03809612523881209,0.070882357694281056,0.99848083329838555,0.0054100384063108728,0
0.23245297329086037,0.43276231844412938,0.99789017874006947,0.0063737758995732873,0
0.87424475665486834,1.6250701005427586,0.99944297088699419,0.0032774737491426459,0
0.45257879530138456,0.84082672566272376,0.99996494673455472,0.00082238479522014137,0
1,2.8355926979080328,0.99974053310717348,0.0022371969657317774,0
0.50613141207863077,0.94068089329354854,0.99958113329745757,0.0028422836352498646,0
1,2.1682360375077043,0.99963989765145478,0.0026354507833496795,0
0.26771180799783284,0.49850818900690735,0.99768240177481315,0.0066795877229339114,0
0.1338671886891076,0.24905322907484742,0.99857122586633251,0.0052468469623860063,0
1,2.8558478336972435,0.99922948120294464,0.0038543114196006459,0
0.33884194778103194,0.63048062269048677,0.99844123230624349,0.0054799932168655618,0
1,1.9647627756997004,0.99952356978884571,0.0030312165534938425,0
0.60778924147451696,1.129228265225988,0.99992712488137159,0.0011857481158537527,0
0.41004495325144785,0.76182928382230375,0.99993297433036643,0.0011371679937576815,0
0.1734116110493629,0.32259883729874966,0.9986480462878522,0.0051040351362531544,0
0.21494317900140075,0.39936563694042482,0.99988500544743475,0.0014894725539609298,0
0.1078053702383482,0.20099959122600777,0.99641969412249476,0.0082971416635417763,0
0.36846981834855902,0.6848601598673415,0.99953291200493943,0.003001363842210219,0
0.73614642188794588,1.3721529463934456,0.99668693297490585,0.007982498084580604,0
1,2.0745456557284276,0.99878268821171379,0.0048435296539125153,0
0.61620520702174353,1.1456725218270791,0.99922191026663298,0.0038731866611040255,0
0.24085200048031202,0.44868046877300766,0.99726407481161394,0.0072559715209837283,0
0.81055519642580121,1.5091579782736748,0.9978033825914312,0.006503288800112565,0
0.29596531612227761,0.54990792250363985,0.99988009873036721,0.001520914223441352,0
0.39824056511837291,0.74109845859426582,0.99831286333694014,0.0057008227345050908,0
0.17741137070531329,0.32988882160430338,0.9991045418669009,0.0041548128893554052,0
0.17361473577975067,0.32285954297776415,0.99901046480287004,0.0043674166177549746,0
0.20098783941350323,0.37493989811261452,0.995875862011393,0.0089027237035313404,0
0.15696548618397696,0.29171575773879754,0.99963478881757151,0.0026540731300637855,0
0.29449735006681815,0.54766435859146134,0.99899656370161005,0.0043979569500355777,0
0.59749021094984545,1.1111585453286978,0.9989686179670485,0.0044587175778703931,0
0.28034511147485391,0.52285200394590858,0.9961191563636187,0.0086371305602472043,0
1,4.1254925756085115,0.99624456163601138,0.0084969408791519003,0
0.93533887647151215,1.7379846692434853,0.99981610032500789,0.001883517854521213,0
0.67095627338748054,1.2466220996569282,0.99989979129599305,0.0013904319224591925,0
0.25941869755474956,0.48569853077769398,0.99227389580386405,0.012164807724588646,0
0.34233672306328772,0.63658930749470044,0.99905921735537861,0.0042585712844458766,0
0.17532951203434327,0.32583272887306058,0.99967170511033387,0.0025164060985629405,0
1,3.1312906172076769,0.99958574031436642,0.0028266159559381322,0
0.59240516643799934,1.1011027744408648,0.9995121137209767,0.0030674267225811011,0
0.16177115511023746,0.3015327223648665,0.99669830414797278,0.0079688306669086183,0
0.3971745610941898,0.73837096562045856,0.999318425091546,0.0036251898644849446,0
0.27089327461025364,0.50338461060385431,0.99975911030764408,0.002155640282485246,0
0.13764409000635064,0.25594155999766688,0.99911122369577443,0.0041392958693885961,0
0.32929418358027551,0.61325114637910494,0.9975686043275539,0.0068412376257101773,0
0.29069213614805378,0.54057187258767803,0.99902629754883743,0.0043323692707222606,0
0.30280754998569476,0.56477928893083085,0.9960588959315585,0.0087036805609764269,0
0.44310752231209544,0.82373556338329335,0.99935177455380675,0.0035354446435034445,0
0.32877510118643094,0.61103527391434931,0.99960799182596538,0.0027496837121409518,0
0.23641392069227482,0.44448202872368453,0.98813417686057081,0.01504725062742877,0
0.12876356292858418,0.23938071726720492,0.99931154036002989,0.0036434410650018722,0
1,2.2370214426302959,0.99987068019495717,0.0015795135416415383,0
0.50204509425844435,0.93376278976318816,0.99885683513991785,0.0046938702668737108,0
0.87706341779593322,1.6384782602765764,0.99446017364095807,0.010311327837502974,0
0.36364756496276701,0.67621196137042283,0.99906769605091084,0.0042393553544000113,0
0.21067974214515831,0.39161246319871001,0.99945525255341527,0.0032411600167330788,0
0.17224409840620661,0.32043902782898009,0.99861026653710327,0.0051747641944572377,0
0.2878311663521248,0.53561932388630118,0.99834043670357109,0.0056541209647950844,0
0.13305648172300161,0.2476667867557136,0.99807998726521507,0.0060808696679095445,0
0.21693973024718188,0.40308017284170705,0.99987276997402563,0.0015667008681979585,0
0.26686014083898429,0.49620839553558921,0.999117772621399,0.0041240306375638826,0
1,1.9365496707573691,0.99839446848483815,0.0055614614521340032,0
0.11648008396162704,0.21766633839788257,0.99416274607563104,0.010583037104206399,0
0.39274327646926505,0.72981789299959399,0.99974981772922245,0.0021968149643992931,0
0.89490516623610583,1.6629187661469267,0.99977681776125082,0.0020749170975944966,0
0.1981184330294635,0.36987867597206642,0.99509070948096789,0.0097096723137000442,0
0.22844815775220759,0.42477355346119688,0.99914213042411137,0.0040667491729491209,0
0.079502966236657854,0.14782236565955356,0.99917202412701467,0.0039953230452940292,0
0.18495148359896743,0.34433622057239177,0.99786592475076796,0.0064102321115003585,0
0.15511487411757915,0.28818231430434843,0.99996132080518829,0.00086387075976416736,0
0.10417347685368326,0.19370406059955725,0.99911508432662111,0.0041303037736825261,0
0.11803641668290267,0.22093002315257218,0.99256363627626321,0.011936125760074516,0
0.43036952643504406,0.80637644237998907,0.99151836356902712,0.012741303568314943,0
0.39523179684349652,0.73560084696951622,0.99817511316980556,0.0059285913812603622,0
0.35171584080031326,0.65367410580564633,0.99960340962194882,0.002765701444375857,0
0.4879465595880903,0.90931283154719478,0.99691016006573574,0.0077097084967140328,0
0.22724418066262361,0.42259869777449238,0.99899128039574936,0.0044095085390095145,0
0.49283365662454354,0.91591606193245423,0.99963571787275496,0.0026506963526198731,0
0.13131317254629754,0.24407030004442187,0.99951758790863698,0.003050177720741426,0
0.29115987269594024,0.54136590990389055,0.99916611618438111,0.0040095403251559072,0
0.19248313494005953,0.35814396526725217,0.99846334779389478,0.0054410379456569331,0
0.8363757664303535,1.5615697750892499,0.99503218364118295,0.0097671082961099161,0
0.23898998839225616,0.44442328967514444,0.99903333552858486,0.004316698303603538,0
1,2.6266758809174795,0.99720917868931902,0.0073282126527693591,0
0.28284428229008218,0.5272481030356595,0.99661968155357372,0.0080628503607432477,0
0.38081852155668089,0.70755670011308669,0.99989384802904091,0.0014310663761165007,0
0.095500074190706302,0.17812109843277832,0.99605982995266951,0.0087026529931844877,0
0.42969663554863252,0.79957270406735181,0.9983919601339506,0.0055657974009501125,0
0.11832138176713565,0.21994147707309786,0.99943183029196181,0.0033100683205874756,0
0.60861050959954122,1.1310969848038956,0.99962402260894445,0.0026928951103956825,0
0.1126467458831764,0.20961049372547899,0.99839572097710816,0.0055592951135329874,0
0.65581093175647431,1.2207675387335752,0.99802808031981027,0.0061623646496106977,0
0.33157007365295993,0.61707637375468205,0.99823659873808379,0.0058280329647448842,0
0.58813510582504114,1.0934749796625527,0.99922970118822807,0.0038537615839201265,0
0.53143241549380471,0.99007081488295767,0.99719218013436017,0.0073504366056382046,0
0.050096687501235963,0.093341485270694663,0.99708316746555625,0.0074913763696975054,0
0.27353196409853836,0.50858529177031564,0.9991745628644827,0.0039891980375666011,0
1,2.0185999008377675,0.99839438735441177,0.0055616017478518718,0
0.10364305364012984,0.19322167443019556,0.99650949315614834,0.0081927791334708913,0
0.46253446403299237,0.85940054130785382,0.9998746475809791,0.0015550989710401307,0
0.45972309243636877,0.8546500160827083,0.99932118846420803,0.0036178382894397681,0
0.10059432747669088,0.18741537982485157,0.99716114035627446,0.0073908438296200101,0
0.70637254303968278,1.3150433319907178,0.99790874318274581,0.0063457289994504193,0
0.26401810066200715,0.49055225416313653,0.99987453593423981,0.001555791266501713,0
0.19368542994602095,0.36017044849455271,0.99904708469339965,0.0042859180941706597,0
0.55641343997311377,1.0360282908184286,0.99775308284011432,0.0065771668762081023,0
0.22075238270443134,0.4103594584081649,0.99939698149811962,0.0034100117369080035,0
0.33687858827441525,0.62657665479594282,0.99884081468287989,0.0047266093899610319,0
0.19810548123476759,0.36831649213140716,0.99924597518002711,0.0038128654919418678,0
0.32947418507366083,0.612336952891544,0.99960404583517393,0.0027634830313937281,0
0.26207792062063018,0.48725883732956066,0.99923535353205251,0.0038396069181510922,0
0.45619270683826363,0.84863753966719202,0.99867270555587206,0.0050573331573039179,0
0.082334258329319801,0.1535212881180717,0.99634341203296306,0.0083847611438334132,0
0.49200980509010211,0.91407478816124854,0.99997492235197927,0.00069559483695990764,0
0.34026641147769032,0.63331753045508077,0.99814733792070243,0.0059734583698049697,0
0.44557503911949942,0.82928245022342173,0.99819516223824989,0.005895991276080861,0
0.4540789269616291,0.84780519447137292,0.99502125015811194,0.0097778000886010116,0
1,2.0084112700436654,0.99501100092766592,0.0097878119521689639,0
0.56578678009074601,1.0521254097926709,0.99903882873460781,0.0043044271819299646,0
0.84042819679024106,1.5626541025415943,0.99915954097543114,0.0040253041281759234,0
0.73362987699120163,1.3634787704297042,0.99959876484266585,0.0027818436469707899,0
0.62844110097771633,1.1677027897779242,0.99983732295927219,0.0017715233927477385,0
0.18853194177150082,0.35169261627286036,0.9959069693366549,0.0088692154006348532,0
1,2.9864428288196501,0.9993596189566859,0.0035140011132624477,0
0.42770323695683737,0.79881558345728465,0.99470222644699424,0.010084689796452521,0
0.27959667825349221,0.520637970699663,0.99768455832459513,0.0066764862014835908,0
0.14159925079242744,0.26444540760711488,0.99476846103982575,0.010021762221374918,0
0.1188466540619843,0.22260281301063356,0.99186688907406217,0.012478773564539468,0
0.73236346316913992,1.3612390627935786,0.9995150731191319,0.0030581138514016244,0
0.98792424700452675,1.843557962698962,0.99555195481023795,0.0092443062367964582,0
0.4744559418162162,0.8828429530783839,0.998411366370488,0.0055321625686938535,0
0.40089563872589368,0.74602292869272968,0.99833486344465305,0.0056635917993895476,0
0.16261104512703639,0.30259686789449131,0.99834970552587077,0.0056383346757159052,0
0.47156456917746187,0.8775614090707976,0.99829922002734539,0.0057237889604051951,0
0.54518237738925357,1.014035336233251,0.99881671475789613,0.0047754349211749951,0
0.44788412290487517,0.83279776755787516,0.99913275427940551,0.0040888940686201834,0
0.086875048075604464,0.16192945381541843,0.99670420019889361,0.0079617346413052466,0
0.20005320683251029,0.37242702374558539,0.99793306509597923,0.0063087935891762504,0
1,6.4176992883753483,0.99854367501578289,0.005297121965411127,0
0.049963292647977199,0.092930596158320652,0.99882501285384884,0.0047586801006866963,0
0.2039243638630194,0.37934359003021567,0.9986963157826021,0.0050122080791054633,0
1,5.2126535295799323,0.99519577293477812,0.0096056878875683122,0
0.6958708710758873,1.2932223126971893,0.99966054104805691,0.0025588211806035952,0
0.057217280286783648,0.10631968624815961,0.999794183401713,0.0019925756228612993,0
0.3403890779828172,0.63353790873665783,0.99815983733561686,0.0059533094725958838,0
0.15101322778231471,0.28145866100408296,0.99677572903972256,0.0078751324713941979,0
0.083322459340125984,0.15518201578075,0.99751118161204233,0.0069213608843470952,0
0.16740646753711244,0.31114748291030475,0.99954654395800069,0.0029572618025254628,0
0.36553802727820911,0.68120977560516893,0.99689352137575138,0.0077303774774743509,0
0.22125685076264512,0.41777607080770468,0.98389838358994364,0.017495748504080991,0
0.10786322598622919,0.20097890474182362,0.99705705635844566,0.0075247386423017209,0
0.16317484933754856,0.3035542072400263,0.99865169930275632,0.0050971438612356611,0
0.22553607315631713,0.41903686802696277,0.99990988321903052,0.001318566334227662,0
0.084300530263131501,0.15711740315957007,0.9967886757566855,0.0078593542314334477,0
0.61982380465118636,1.1516106434466691,0.99990712483711675,0.0013385924068578163,0
0.4171990005330124,0.77577557809980024,0.99908913760770524,0.0041903660792952631,0
0.26894306367076976,0.50033384120658431,0.99861377157850528,0.0051682432101417021,0
0.21177769066933652,0.39416061373317052,0.99816896857162796,0.0059385465177808697,0
0.31278484628366138,0.58120910199488796,0.99979366106428547,0.0019951019690518904,0
