slot,alice_phase_previous,alice_phase_current,alice_bit,forwarded_bit,eta_previous,eta_current,phase_noise_rad,nu0,nu1,p0,p1,click0,click1,accepted,bob_bit,error,eve_estimate
1,0,0,0,0,0.37763214955590646,0.37763214955590646,0.05455451840930268,0.02907869125615643,0.00016777015310388848,0.028660295049811716,0.00016808602506480463,False,False,False,-1,False,-1
2,0,0,0,0,0.37763214955590646,0.37763214955590646,-0.08625817302201602,0.02904640463432155,0.00020005677493877057,0.028628933265804485,0.00020036669885000198,False,False,False,-1,False,-1
3,0,0,0,0,0.37763214955590646,0.37763214955590646,-0.005400377639369083,0.02910001799856715,0.00014644341069317227,0.028681010340596877,0.00014676264000308575,False,False,False,-1,False,-1
4,0,0,0,0,0.37763214955590646,0.37763214955590646,0.09856283950411306,0.029029966645436882,0.00021649476382344123,0.02861296574777003,0.00021680125903317525,False,False,False,-1,False,-1
5,0,0,0,0,0.37763214955590646,0.37763214955590646,-0.08668845007876602,0.029045866652725603,0.000200594756534718,0.02862841068590717,0.00020090457250766992,False,False,False,-1,False,-1
6,0,0,0,0,0.37763214955590646,0.37763214955590646,0.058379377403208456,0.02907556620458939,0.0001708952046709335,0.028657259558401607,0.00017121054647220582,False,False,False,-1,False,-1
7,0,0,0,0,0.37763214955590646,0.37763214955590646,0.01609514030266937,0.02909835398384262,0.0001481074254177024,0.0286793940501511,0.00014842640912815337,False,False,False,-1,False,-1
8,0,1,1,1,0.37763214955590646,0.37763214955590646,0.036505206044650226,0.00015587747753670252,0.029090583931723618,0.00015619527778392247,0.02867184680909742,False,False,False,-1,False,-1
9,1,0,1,1,0.37763214955590646,0.37763214955590646,0.07549620468266921,0.00018746982158354434,0.02905899158767678,0.00018778218830091064,0.02864115979116457,False,False,False,-1,False,-1
10,0,0,0,0,0.37763214955590646,0.37763214955590646,-0.015602929406125064,0.029098466915157377,0.0001479944941029467,0.028679503742657986,0.00014831349456901138,False,False,False,-1,False,-1
11,0,0,0,0,0.37763214955590646,0.37763214955590646,0.018662154690240428,0.029097708179705077,0.00014875322955524317,0.028678766767082347,0.00014907211720280452,False,False,False,-1,False,-1
12,0,1,1,1,0.37763214955590646,0.37763214955590646,0.037904697034143536,0.0001566310918593562,0.029089830317400967,0.00015694877411165484,0.028671114802013353,False,False,False,-1,False,-1
13,1,1,0,0,0.37763214955590646,0.37763214955590646,-0.020499320763913947,0.029097187431022076,0.00014927397823824923,0.028678260952697668,0.0001495927881211325,False,False,False,-1,False,-1
14,1,0,1,1,0.37763214955590646,0.37763214955590646,-0.032962773983682046,0.0001540965462032848,0.029092364863057035,0.0001544146230379576,0.028673576676300078,False,False,False,-1,False,-1
15,0,1,1,1,0.37763214955590646,0.37763214955590646,-0.010214597037746027,0.00014698755095570067,0.029099473858304623,0.00014730670025813014,0.02868048180668304,False,True,True,1,False,-1
16,1,0,1,1,0.37763214955590646,0.37763214955590646,-0.006026536852240211,0.0001464952023629673,0.02909996620689736,0.0001468144240704576,0.028680960034363198,False,False,False,-1,False,-1
17,0,1,1,1,0.37763214955590646,0.37763214955590646,0.04928669297088244,0.000163812351618643,0.029082649057641678,0.00016412888099988864,0.028664139411931033,False,False,False,-1,False,-1
18,1,0,1,1,0.37763214955590646,0.37763214955590646,0.006689939643117835,0.00014655626698644077,0.029099905142273882,0.00014687547972689938,0.028680900721129936,False,False,False,-1,False,-1
19,0,1,1,1,0.37763214955590646,0.37763214955590646,-0.02429402200890304,0.00015050425557834997,0.029095957153681976,0.00015082288066393812,0.028677065956837083,False,False,False,-1,False,-1
20,1,1,0,0,0.37763214955590646,0.37763214955590646,-0.023233432890765158,0.029096321991088102,0.00015013941817221865,0.028677420331712205,0.00015045809821709222,False,False,False,-1,False,-1
21,1,0,1,1,0.37763214955590646,0.37763214955590646,0.021096345191940893,0.0001494537234780691,0.02909700768578225,0.00014977250645620903,0.028678086362223045,False,False,False,-1,False,-1
22,0,1,1,1,0.37763214955590646,0.37763214955590646,-0.01063014558220076,0.00014705024971795142,0.029099411159542368,0.00014736938978246784,0.02868042090614959,False,False,False,-1,False,-1
23,1,0,1,1,0.37763214955590646,0.37763214955590646,0.02961324170061401,0.00015257960222360612,0.029093881807036717,0.0001528979121462293,0.028675050122952673,False,False,False,-1,False,-1
24,0,1,1,1,0.37763214955590646,0.37763214955590646,0.06011659666326311,0.00017238440317583824,0.029074077006084487,0.00017269948890195503,0.02865581303516771,False,False,False,-1,False,-1
25,1,0,1,1,0.37763214955590646,0.37763214955590646,-0.10163323513797709,0.00022093670467488062,0.029025524704585443,0.00022124222700297967,0.028608650894436878,False,False,False,-1,False,-1
26,0,0,0,0,0.37763214955590646,0.37763214955590646,0.08178760669796925,0.029051836226977823,0.00019462518228249972,0.028634209343428304,0.00019493617975585074,False,False,False,-1,False,-1
27,0,0,0,0,0.37763214955590646,0.37763214955590646,-0.05465253782379781,0.02907861381077875,0.00016784759848157527,0.028660219824038498,0.00016816345742200734,False,False,False,-1,False,-1
28,0,1,1,1,0.37763214955590646,0.37763214955590646,-0.00854080840550518,0.0001467603191155711,0.029099701090144748,0.00014707950186495977,0.02868070252137943,False,False,False,-1,False,-1
29,1,1,0,0,0.37763214955590646,0.37763214955590646,0.009152493649958708,0.029099622750832416,0.00014683865842790475,0.028680626428890636,0.00014715782965211833,False,False,False,-1,False,-1
30,1,1,0,0,0.37763214955590646,0.37763214955590646,-0.020748116302786807,0.029097113153518397,0.00014934825574192654,0.02867818880534094,0.0001496670545106728,False,False,False,-1,False,-1
31,1,0,1,1,0.37763214955590646,0.37763214955590646,0.06588654865918553,0.00017764353644576694,0.029068817872814554,0.00017795770009542712,0.02865070459320451,False,False,False,-1,False,-1
32,0,0,0,0,0.37763214955590646,0.37763214955590646,-0.052697953145035205,0.029080131903963816,0.00016632950529650714,0.028661694407219888,0.00016664561837262764,False,False,False,-1,False,-1
33,0,0,0,0,0.37763214955590646,0.37763214955590646,0.07385552689973045,0.029060763647286228,0.00018569776197409297,0.02864288109540646,0.0001860104598828868,False,False,False,-1,False,-1
34,0,0,0,0,0.37763214955590646,0.37763214955590646,-0.05842929325285748,0.029075524023756523,0.00017093738550379972,0.028657218586354945,0.00017125272008237913,False,False,False,-1,False,-1
35,0,1,1,1,0.37763214955590646,0.37763214955590646,0.00044826599340557367,0.00014623376156768322,0.02910022764769264,0.0001465530216242827,0.02868121397675228,False,False,False,-1,False,-1
36,1,1,0,0,0.37763214955590646,0.37763214955590646,-0.003443996796264916,0.029100143245635188,0.00014631816362513717,0.02868113199544484,0.00014663741130879873,False,False,False,-1,False,-1
37,1,0,1,1,0.37763214955590646,0.37763214955590646,-0.028429981350278674,0.00015208253014191986,0.0290943788791184,0.0001524009159423051,0.028675532941347507,False,False,False,-1,False,-1
38,0,0,0,0,0.37763214955590646,0.37763214955590646,-0.0194910470756358,0.02909747927679393,0.00014898213246639192,0.02867854442879895,0.0001493009859647173,False,False,False,-1,False,-1
39,0,0,0,0,0.37763214955590646,0.37763214955590646,0.04894047742696353,0.0290828951239273,0.00016356628533302508,0.02866437842490893,0.00016388285507058548,False,False,False,-1,False,-1
40,0,1,1,1,0.37763214955590646,0.37763214955590646,-0.09811973810989146,0.00021586494258992752,0.029030596466670396,0.00021617157414740348,0.0286135775477575,False,False,False,-1,False,-1
41,1,1,0,0,0.37763214955590646,0.37763214955590646,0.0009776465823835279,0.029100222183708863,0.00014623922555145706,0.028681208669482174,0.00014655848480727828,False,False,False,-1,False,-1
42,1,0,1,1,0.37763214955590646,0.37763214955590646,-0.08834053178322715,0.0002026851857508612,0.029043776223509458,0.00020299457956251846,0.02862638010023474,False,False,False,-1,False,-1
43,0,1,1,1,0.37763214955590646,0.37763214955590646,0.055735141375955116,0.00016871220406285386,0.029077749205197467,0.00016902791723451364,0.028659379997880173,False,False,False,-1,False,-1
44,1,0,1,1,0.37763214955590646,0.37763214955590646,0.09948244346501317,0.0002178109092370636,0.029028650500023255,0.00021811711823888368,0.028611687260338706,False,False,False,-1,False,-1
45,0,0,0,0,0.37763214955590646,0.37763214955590646,0.03947706449848835,0.029088949810455997,0.0001575115988043262,0.028670259539807556,0.00015782914247455392,False,False,False,-1,False,-1
46,0,0,0,0,0.37763214955590646,0.37763214955590646,-0.016197712642715478,0.029098330008416315,0.00014813140084400946,0.028679370762325213,0.00014845038099558662,False,False,False,-1,False,-1
47,0,1,1,1,0.37763214955590646,0.37763214955590646,0.06548588191522467,0.0001772628006519413,0.02906919860860838,0.00017757703198400073,0.028651074420579174,False,False,False,-1,False,-1
48,1,1,0,0,0.37763214955590646,0.37763214955590646,-0.0028354972812646125,0.02910017090439494,0.00014629050486538386,0.02868115886091968,0.00014660975660447194,False,False,False,-1,False,-1
49,1,0,1,1,0.37763214955590646,0.37763214955590646,-0.029895580944188704,0.00015270120319667754,0.029093760206063645,0.00015301949451937356,0.02867493200888642,False,False,False,-1,False,-1
50,0,1,1,1,0.37763214955590646,0.37763214955590646,0.026477916385913056,0.00015130677799303087,0.02909515463126729,0.00015162528171790417,0.028676286448097825,False,False,False,-1,False,-1
51,1,0,1,1,0.37763214955590646,0.37763214955590646,-0.02459065631074869,0.0001506092096802425,0.029095852199580077,0.00015092781893084382,0.028676964012505538,False,False,False,-1,False,-1
52,0,1,1,1,0.37763214955590646,0.37763214955590646,-0.04330129907060763,0.00015980239062180217,0.029086659018638522,0.0001601195701148743,0.0286680344230374,False,False,False,-1,False,-1
53,1,1,0,0,0.37763214955590646,0.37763214955590646,-0.043709502612818016,0.029086402001870244,0.00016005940739008133,0.0286677847744026,0.0001603765456967155,False,False,False,-1,False,-1
54,1,1,0,0,0.37763214955590646,0.37763214955590646,-0.02162528868973607,0.0290968441274646,0.0001496172817957196,0.028677927494431963,0.0001499360402639467,False,False,False,-1,False,-1
55,1,0,1,1,0.37763214955590646,0.37763214955590646,0.023254378301113675,0.00015014646570971014,0.029096314943550614,0.0001504651446941998,0.02867741348627989,False,False,False,-1,False,-1
56,0,1,1,1,0.37763214955590646,0.37763214955590646,-0.06981527538440757,0.00018149967363554123,0.02906496173562478,0.00018181314362233152,0.02864695892984034,False,False,False,-1,False,-1
57,1,0,1,1,0.37763214955590646,0.37763214955590646,0.0012910643396573359,0.00014624437251623435,0.029100217036744088,0.00014656363101771096,0.028681203670138558,False,False,False,-1,False,-1
58,0,1,1,1,0.37763214955590646,0.37763214955590646,0.13881990477544887,0.000285501309038438,0.02896096010022188,0.0002857904631615941,0.028545931371590887,False,False,False,-1,False,-1
59,1,1,0,0,0.37763214955590646,0.37763214955590646,0.021147762326836073,0.0290969919644173,0.0001494694448430263,0.028678071091716634,0.00014978822546641443,False,False,False,-1,False,-1
60,1,1,0,0,0.37763214955590646,0.37763214955590646,-0.0019481455815129078,0.029100201630155118,0.00014625977910520302,0.028681188705428996,0.00014657903534851535,False,False,False,-1,False,-1
61,1,1,0,0,0.37763214955590646,0.37763214955590646,0.02352623695114563,0.029096222894775654,0.00015023851448466596,0.028677324077221598,0.00015055717961478754,False,False,False,-1,False,-1
62,1,1,0,0,0.37763214955590646,0.37763214955590646,0.03800671143020173,0.029089774275512556,0.00015668713374776864,0.028671060366906836,0.00015700480720279146,False,False,False,-1,False,-1
63,1,0,1,1,0.37763214955590646,0.37763214955590646,-0.07573381786219495,0.0001877296837994588,0.029058731725460862,0.0001880420016855717,0.028640907371671107,False,False,False,-1,False,-1
64,0,0,0,0,0.37763214955590646,0.37763214955590646,-0.07744027795412474,0.029056841536197815,0.00018961987306250578,0.02863907131740841,0.0001899318337275754,False,False,False,-1,False,-1
65,0,1,1,1,0.37763214955590646,0.37763214955590646,-0.0014594691591314404,0.0001462477254104213,0.0291002136838499,0.00014656698342047997,0.028681200413409408,False,False,False,-1,False,-1
66,1,0,1,1,0.37763214955590646,0.37763214955590646,0.06150118866280875,0.00017360255023593732,0.029072858859024383,0.00017391742484686675,0.028654629794381326,False,False,False,-1,False,-1
67,0,0,0,0,0.37763214955590646,0.37763214955590646,0.11384046390997998,0.02900652194383568,0.00023993946542464074,0.028590191601647226,0.0002402406030282635,False,False,False,-1,False,-1
68,0,1,1,1,0.37763214955590646,0.37763214955590646,-0.06156334399524397,0.0001736578834300559,0.029072803525830266,0.00017397274841604807,0.02865457604673792,False,False,False,-1,False,-1
69,1,1,0,0,0.37763214955590646,0.37763214955590646,-0.05015878053899811,0.029082021556293865,0.00016443985296645485,0.028663529897178096,0.00016475627915975982,False,False,False,-1,False,-1
70,1,0,1,1,0.37763214955590646,0.37763214955590646,0.03972332442164706,0.0001576527407399835,0.029088808668520337,0.0001579702621239416,0.028670122444438145,False,False,False,-1,False,-1
71,0,0,0,0,0.37763214955590646,0.37763214955590646,-0.03888156171889737,0.029089287492537752,0.00015717391672257145,0.028670587540401006,0.00015749151363186697,False,False,False,-1,False,-1
72,0,1,1,1,0.37763214955590646,0.37763214955590646,0.04613291829883304,0.0001616348831066458,0.029084826526153677,0.00016195176750306454,0.02866625446287931,False,False,False,-1,False,-1
73,1,0,1,1,0.37763214955590646,0.37763214955590646,0.11799697595018172,0.00024689912158380164,0.02899956228767652,0.00024719856298289935,0.028583430899865085,False,False,False,-1,False,-1
74,0,1,1,1,0.37763214955590646,0.37763214955590646,-0.07072138672700472,0.00018242067921265878,0.029064040730047664,0.0001827339813244814,0.02864606430786019,False,False,False,-1,False,-1
75,1,0,1,1,0.37763214955590646,0.37763214955590646,-0.039644695898874885,0.0001576075800883831,0.029088853829171937,0.00015792510860536158,0.028670166310327344,False,False,False,-1,False,-1
76,0,0,0,0,0.37763214955590646,0.37763214955590646,0.06664968195820418,0.02906808628640683,0.00017837512285349494,0.02864999396700289,0.00017868915604415895,False,False,False,-1,False,-1
77,0,1,1,1,0.37763214955590646,0.37763214955590646,-0.004979145534281422,0.0001464117627532696,0.029100049646507056,0.00014673099670741758,0.0286810410808414,False,False,False,-1,False,-1
78,1,1,0,0,0.37763214955590646,0.37763214955590646,0.160073267125162,0.028915149478831382,0.0003313119304289392,0.02850142743768604,0.00033158694332277453,True,False,True,0,False,-1
79,1,0,1,1,0.37763214955590646,0.37763214955590646,-0.04477703629997393,0.00016074295003015476,0.029085718459230164,0.00016105997847900373,0.028667120827188895,False,False,False,-1,False,-1
80,0,0,0,0,0.37763214955590646,0.37763214955590646,0.06057689918848141,0.029073675111529966,0.00017278629773035542,0.02865542265714996,0.0001731013139687424,False,False,False,-1,False,-1
81,0,1,1,1,0.37763214955590646,0.37763214955590646,0.07031461612780941,0.00018200575567530318,0.02906445565358502,0.00018231913352169068,0.028646467345387595,False,False,False,-1,False,-1
82,1,0,1,1,0.37763214955590646,0.37763214955590646,0.013331436425648189,0.00014751876616722785,0.029098942643093095,0.0001478378370770234,0.028679965826842676,False,False,False,-1,False,-1
83,0,1,1,1,0.37763214955590646,0.37763214955590646,0.0245632801902789,0.0001505994702171503,0.02909586193904317,0.00015091808093766013,0.02867697347267035,False,False,False,-1,False,-1
84,1,0,1,1,0.37763214955590646,0.37763214955590646,-0.05770590172888438,0.000170329612087092,0.02907613179717323,0.00017064505056385955,0.028657808942496598,False,True,True,1,False,-1
85,0,1,1,1,0.37763214955590646,0.37763214955590646,0.0014391732428741515,0.00014624729956529432,0.029100214109695027,0.00014656655763776771,0.02868120082704078,False,False,False,-1,False,-1
86,1,1,0,0,0.37763214955590646,0.37763214955590646,0.02003099792389494,0.029097324817553106,0.00014913659170721582,0.02867839439921274,0.0001494554221326972,False,False,False,-1,False,-1
87,1,0,1,1,0.37763214955590646,0.37763214955590646,0.024652554108056154,0.0001506312707314839,0.029095830138528837,0.00015094987665221558,0.028676942584098034,False,False,False,-1,False,-1
88,0,1,1,1,0.37763214955590646,0.37763214955590646,-0.023120601672231483,0.00015010156289190567,0.029096359846368415,0.00015042024863169635,0.028677457101400034,False,False,False,-1,False,-1
89,1,1,0,0,0.37763214955590646,0.37763214955590646,-0.07849193758658823,0.02905565571425326,0.00019080569500706256,0.028637919455620147,0.00019111742974384276,False,False,False,-1,False,-1
90,1,1,0,0,0.37763214955590646,0.37763214955590646,0.01706566256682173,0.029098121035752347,0.00014834037350797464,0.028679167782844548,0.0001486593226156487,False,False,False,-1,False,-1
91,1,1,0,0,0.37763214955590646,0.37763214955590646,-0.0634970539450553,0.029071054176483608,0.00017540723277671393,0.028652876822768878,0.00017572179189374783,False,False,False,-1,False,-1
92,1,0,1,1,0.37763214955590646,0.37763214955590646,0.05221426593507311,0.00016596235827073032,0.029080499050989594,0.0001662785324629067,0.028662051031124347,False,False,False,-1,False,-1
93,0,1,1,1,0.37763214955590646,0.37763214955590646,0.056844350886874,0.00016961562886306782,0.02907684578039725,0.00016993118892269615,0.028658502464278215,False,False,False,-1,False,-1
94,1,0,1,1,0.37763214955590646,0.37763214955590646,-0.02519817910553663,0.0001508281361182824,0.02909563327314204,0.00015114671230283315,0.028676751364189807,False,False,False,-1,False,-1
95,0,0,0,0,0.37763214955590646,0.37763214955590646,-0.03847948366023281,0.029089512591207824,0.00015694881805249628,0.028670806185335337,0.00015726645038759135,False,False,False,-1,False,-1
96,0,1,1,1,0.37763214955590646,0.37763214955590646,0.023819864442935157,0.00015033913554821337,0.029096122273712107,0.00015065778552404986,0.028677226341695977,False,False,False,-1,False,-1
97,1,0,1,1,0.37763214955590646,0.37763214955590646,-0.04039987852026246,0.0001580450180411039,0.02908841639121922,0.00015836247737998534,0.02866974141370055,False,False,False,-1,False,-1
98,0,1,1,1,0.37763214955590646,0.37763214955590646,0.07405871489661957,0.00018591511244797407,0.029060546296812345,0.0001862277699036901,0.028642669970453408,False,False,False,-1,False,-1
99,1,0,1,1,0.37763214955590646,0.37763214955590646,-0.0076505777584696556,0.00014665598403773472,0.029099805425222586,0.00014697518212723255,0.028680803864048657,False,False,False,-1,False,-1
100,0,0,0,0,0.37763214955590646,0.37763214955590646,-0.029277397794880707,0.029094024949837857,0.00015243645942246198,0.02867518916111687,0.00015275479122107722,False,False,False,-1,False,-1
101,0,0,0,0,0.37763214955590646,0.37763214955590646,0.05174595503068183,0.029080851303746564,0.00016561010551375857,0.02866239318753456,0.00016592633821597576,False,False,False,-1,False,-1
102,0,1,1,1,0.37763214955590646,0.37763214955590646,0.021210070494859234,0.00014948854754400339,0.02909697286171632,0.0001498073253058494,0.02867805253684409,False,False,False,-1,False,-1
103,1,1,0,0,0.37763214955590646,0.37763214955590646,-0.00868919697422329,0.029099682583443382,0.000146778825816939,0.0286806845454631,0.00014709800584420004,False,False,False,-1,False,-1
104,1,0,1,1,0.37763214955590646,0.37763214955590646,-0.0690049549507618,0.00018068607672163357,0.02906577533253869,0.00018099969430012653,0.02864774921935538,False,False,False,-1,False,-1
105,0,0,0,0,0.37763214955590646,0.37763214955590646,-0.006018726523813527,0.029099966887872877,0.00014649452138744407,0.02868096069580768,0.0001468137431949112,False,False,False,-1,False,-1
106,0,1,1,1,0.37763214955590646,0.37763214955590646,0.039492136392048766,0.0001575202119390401,0.02908894119732128,0.00015783775424982706,0.028670251173613607,False,False,False,-1,False,-1
107,1,0,1,1,0.37763214955590646,0.37763214955590646,-0.019405771732887222,0.0001489581243156253,0.0290975032849447,0.00014927698139810308,0.028678567748430625,False,False,False,-1,False,-1
108,0,1,1,1,0.37763214955590646,0.37763214955590646,0.013343313164903631,0.0001475210593212614,0.02909894034993906,0.0001478401298920394,0.02867996359945622,False,False,False,-1,False,-1
109,1,0,1,1,0.37763214955590646,0.37763214955590646,0.044072691288239894,0.00016029010750395482,0.029086171301756367,0.00016060720878509463,0.028667560687924087,False,False,False,-1,False,-1
110,0,1,1,1,0.37763214955590646,0.37763214955590646,-0.05706100302286249,0.00016979416282272445,0.029076667246437597,0.00017010969252793029,0.028658329046819003,False,False,False,-1,False,-1
111,1,0,1,1,0.37763214955590646,0.37763214955590646,0.09562137732799796,0.0002123667322014147,0.029034094677058905,0.00021267411385511464,0.02861697565588813,False,False,False,-1,False,-1
112,0,1,1,1,0.37763214955590646,0.37763214955590646,0.025899160603977664,0.00015108737856977638,0.029095374030690544,0.00015140591553708464,0.028676499555936995,False,False,False,-1,False,-1
113,1,0,1,1,0.37763214955590646,0.37763214955590646,-0.04863037172075277,0.00016334735492515756,0.029083114054335165,0.00016366396051769694,0.02866459107978946,False,False,False,-1,False,-1
114,0,0,0,0,0.37763214955590646,0.37763214955590646,-0.021995668526134122,0.029096727189205907,0.00014973422005441176,0.02867781390971353,0.00015005296098254315,False,False,False,-1,False,-1
115,0,1,1,1,0.37763214955590646,0.37763214955590646,0.05096654256868606,0.00016503087926822153,0.0290814305299921,0.0001653472079116049,0.028662955811606754,False,False,False,-1,False,-1
116,1,1,0,0,0.37763214955590646,0.37763214955590646,-0.055623595476704535,0.0290778390725635,0.00016862233669681965,0.0286594672896993,0.00016893806505453572,False,False,False,-1,False,-1
117,1,0,1,1,0.37763214955590646,0.37763214955590646,-0.0029218818991164695,0.0001462941049207507,0.02910016730433957,0.00014661335613202906,0.028681155364118065,False,False,False,-1,False,-1
118,0,1,1,1,0.37763214955590646,0.37763214955590646,0.07408180000559014,0.00018593984432723571,0.029060521564933085,0.00018625249717688322,0.028642645946960907,False,False,False,-1,False,-1
119,1,0,1,1,0.37763214955590646,0.37763214955590646,0.063673355072876,0.00017556941266672386,0.029070891996593597,0.000175883943272068,0.028652719289786504,False,False,False,-1,False,-1
120,0,1,1,1,0.37763214955590646,0.37763214955590646,-0.0728194648984414,0.00018459875370768343,0.029061862655552637,0.00018491165543971285,0.028643948624323158,False,False,False,-1,False,-1
121,1,1,0,0,0.37763214955590646,0.37763214955590646,0.07641328801131556,0.029057984135211237,0.0001884772740490866,0.028640181192813127,0.00018878945107743959,False,False,False,-1,False,-1
122,1,1,0,0,0.37763214955590646,0.37763214955590646,-0.006824128103093336,0.029099892015848138,0.00014656939341218164,0.028680887971181818,0.00014688860422460405,False,False,False,-1,False,-1
123,1,0,1,1,0.37763214955590646,0.37763214955590646,0.03909715560801738,0.00015729557762252986,0.029089165831637794,0.0001576131553638666,0.02867046936758334,False,False,False,-1,False,-1
124,0,1,1,1,0.37763214955590646,0.37763214955590646,0.03261363841793934,0.00015393085003905904,0.029092530559221265,0.00015424895244591712,0.028673737621349303,False,False,False,-1,False,-1
125,1,0,1,1,0.37763214955590646,0.37763214955590646,-0.04124191502914364,0.0001585424931502216,0.0290879189161101,0.0001588598735839912,0.028669258200953972,False,False,False,-1,False,-1
126,0,0,0,0,0.37763214955590646,0.37763214955590646,-0.04965712344623142,0.029082383861789813,0.00016407754747051165,0.02866388181765588,0.00016439403329030023,False,False,False,-1,False,-1
127,0,1,1,1,0.37763214955590646,0.37763214955590646,0.03389242702159148,0.00015454635062801442,0.02909191505863231,0.0001548643579051602,0.028673139769278756,False,True,True,1,False,-1
128,1,1,0,0,0.37763214955590646,0.37763214955590646,0.050322657256492015,0.02908190241319019,0.0001645589960701331,0.02866341416912944,0.00016487540262676725,False,False,False,-1,False,-1
129,1,1,0,0,0.37763214955590646,0.37763214955590646,-0.026733991761550335,0.029095056009236384,0.00015140540002393923,0.028676190654175808,0.00015172388879035692,False,False,False,-1,False,-1
130,1,0,1,1,0.37763214955590646,0.37763214955590646,0.02654038514342277,0.00015133074900355097,0.02909513066025677,0.0001516492490935258,0.028676263164486595,False,False,False,-1,False,-1
131,0,1,1,1,0.37763214955590646,0.37763214955590646,0.014053883128079623,0.00014766197129737716,0.029098799437962945,0.00014798102102578367,0.028679826728820808,False,False,False,-1,False,-1
132,1,1,0,0,0.37763214955590646,0.37763214955590646,-0.02342568007951817,0.02909625706703716,0.00015020434222316233,0.02867735726951352,0.00015052301249757942,False,False,False,-1,False,-1
133,1,0,1,1,0.37763214955590646,0.37763214955590646,0.028115742318438764,0.00015195392730095653,0.029094507481959363,0.0001522723326922644,0.028675657856425434,False,False,False,-1,False,-1
134,0,1,1,1,0.37763214955590646,0.37763214955590646,0.05736095421786559,0.0001700424598713703,0.029076418949388953,0.00017035794730802108,0.028658087865518937,False,False,False,-1,False,-1
135,1,0,1,1,0.37763214955590646,0.37763214955590646,-0.05391573516582681,0.0001672688507269008,0.02907919255853342,0.0001675848068241099,0.028660781984592622,False,False,False,-1,False,-1
136,0,0,0,0,0.37763214955590646,0.37763214955590646,0.041552074617418146,0.029087733089244533,0.00015872832001578938,0.02866907770159003,0.00015904567091186355,False,False,False,-1,False,-1
137,0,0,0,0,0.37763214955590646,0.37763214955590646,-0.1020275832504875,0.029024944361312338,0.00022151704794798273,0.02860808715383829,0.00022182244171128172,False,False,False,-1,False,-1
138,0,1,1,1,0.37763214955590646,0.37763214955590646,-0.030147220319365165,0.00015281055421566782,0.029093650855044652,0.0001531288287995483,0.028674825793494653,False,False,False,-1,False,-1
139,1,0,1,1,0.37763214955590646,0.37763214955590646,0.01972851827896377,0.00014904954403367705,0.029097411865226644,0.00014936838746511716,0.02867847895049509,False,False,False,-1,False,-1
140,0,1,1,1,0.37763214955590646,0.37763214955590646,-0.04474356534615665,0.0001607212682675607,0.02908574014099276,0.00016103830020823887,0.02866714188739756,False,False,False,-1,False,-1
141,1,0,1,1,0.37763214955590646,0.37763214955590646,-0.02111832372672188,0.00014946043897888666,0.029097000970281436,0.00014977922095120666,0.02867807983930992,False,False,False,-1,False,-1
142,0,0,0,0,0.37763214955590646,0.37763214955590646,0.035972258571951014,0.02909086346973103,0.00015559793952929117,0.02867211833219595,0.00015591578339996316,False,False,False,-1,False,-1
143,0,0,0,0,0.37763214955590646,0.37763214955590646,0.07493426117375145,0.029059602906003693,0.00018685850325663307,0.028641753600444096,0.00018717098458187253,False,False,False,-1,False,-1
144,0,1,1,1,0.37763214955590646,0.37763214955590646,-0.06017147743343593,0.00017243215934025665,0.029074029249920065,0.00017274723681776812,0.028655766647493898,False,False,False,-1,False,-1
145,1,1,0,0,0.37763214955590646,0.37763214955590646,0.018226061639545967,0.029097824616629585,0.0001486367926307343,0.028678879864732866,0.00014895569762901674,False,False,False,-1,False,-1
146,1,0,1,1,0.37763214955590646,0.37763214955590646,0.04022938529843195,0.00015794553920507094,0.029088515870055252,0.00015826301429272007,0.02866983804049927,False,False,False,-1,False,-1
147,0,0,0,0,0.37763214955590646,0.37763214955590646,-0.03815461672302121,0.029089692755960357,0.00015676865329996437,0.02867098118460341,0.00015708631395270343,False,False,False,-1,False,-1
148,0,0,0,0,0.37763214955590646,0.37763214955590646,-0.0749292104184733,0.02905960837986966,0.00018685302939066062,0.028641758917528928,0.00018716551174043403,False,False,False,-1,False,-1
149,0,0,0,0,0.37763214955590646,0.37763214955590646,-0.06397032410041002,0.02907061779869031,0.00017584361057001123,0.02865245294836225,0.00017615809291076132,False,False,False,-1,False,-1
150,0,1,1,1,0.37763214955590646,0.37763214955590646,0.030557739950390562,0.0001529909141010758,0.029093470495159247,0.0001533091610503959,0.028674650605381744,False,False,False,-1,False,-1
151,1,1,0,0,0.37763214955590646,0.37763214955590646,-0.04893100043623505,0.029082901835152063,0.00016355957410825637,0.02866438494376059,0.00016387614494564894,False,False,False,-1,False,-1
152,1,0,1,1,0.37763214955590646,0.37763214955590646,-0.0071155747886959735,0.00014659880088139547,0.029099862608378924,0.00014691800737376342,0.028680859407144516,False,False,False,-1,False,-1
153,0,0,0,0,0.37763214955590646,0.37763214955590646,0.04664418307155141,0.029084483300749687,0.00016197810851063433,0.028665921076404876,0.00016229493726219995,False,False,False,-1,False,-1
154,0,1,1,1,0.37763214955590646,0.37763214955590646,-0.008639624751728733,0.00014677260781975943,0.029099688801440562,0.00014709178876165613,0.028680690585123847,False,False,False,-1,False,-1
155,1,0,1,1,0.37763214955590646,0.37763214955590646,-0.07227932190553467,0.00018403194043976277,0.029062429468820556,0.00018434494682156293,0.02864449920166491,False,False,False,-1,False,-1
156,0,0,0,0,0.37763214955590646,0.37763214955590646,0.00714134246399975,0.029099859949211264,0.00014660146004905685,0.028680856824244066,0.00014692066615074165,False,False,False,-1,False,-1
157,0,0,0,0,0.37763214955590646,0.37763214955590646,0.013083756506101439,0.02909898999969022,0.0001474714095700992,0.028680011825253128,0.00014779048747987048,False,False,False,-1,False,-1
158,0,1,1,1,0.37763214955590646,0.37763214955590646,0.014356489572661064,0.00014772419975359367,0.029098737209506727,0.0001480432402714338,0.02867976628506405,False,False,False,-1,False,-1
159,1,1,0,0,0.37763214955590646,0.37763214955590646,0.03394239930824029,0.029091890525827734,0.00015457088343258794,0.028673115939906426,0.0001548888869101758,False,False,False,-1,False,-1
160,1,1,0,0,0.37763214955590646,0.37763214955590646,-0.07409310037620932,0.029060509455648503,0.00018595195361181807,0.028642634184518203,0.0001862646042060078,False,False,False,-1,False,-1
161,1,1,0,0,0.37763214955590646,0.37763214955590646,0.013000247550703461,0.029099005766489144,0.00014745564277117993,0.02868002713985995,0.00014777472301100985,False,False,False,-1,False,-1
162,1,0,1,1,0.37763214955590646,0.37763214955590646,-0.05691809995438007,0.00016967632622096298,0.029076785083039357,0.00016999187596437534,0.028658443506413916,False,False,False,-1,False,-1
163,0,1,1,1,0.37763214955590646,0.37763214955590646,0.060420268374894205,0.00017264919819581418,0.029073812211064507,0.00017296423815691423,0.02865555582803026,False,False,False,-1,False,-1
164,1,1,0,0,0.37763214955590646,0.37763214955590646,-0.025400878795991417,0.02909555904002179,0.0001509023692385342,0.028676679259831615,0.00015122093420023803,False,False,False,-1,False,-1
165,1,1,0,0,0.37763214955590646,0.37763214955590646,0.01674619478660427,0.029098199220841045,0.0001482621884192765,0.028679243725646997,0.00014858114914683684,False,False,False,-1,False,-1
166,1,0,1,1,0.37763214955590646,0.37763214955590646,-0.0066660222647346,0.00014655395474037655,0.029099907454519944,0.00014687316782044472,0.028680902967058698,False,False,False,-1,False,-1
167,0,0,0,0,0.37763214955590646,0.37763214955590646,-0.021050636791963895,0.02909702162950974,0.00014943977975058343,0.028678099906071015,0.00014975856481701317,False,False,False,-1,False,-1
168,0,1,1,1,0.37763214955590646,0.37763214955590646,0.02433810830369624,0.0001505197734668345,0.029095941635793487,0.00015083839621184963,0.028677050883955987,False,False,False,-1,False,-1
169,1,0,1,1,0.37763214955590646,0.37763214955590646,-0.02787738974887143,0.00015185733413659988,0.02909460407512372,0.0001521757542317098,0.028675751679712723,False,False,False,-1,False,-1
170,0,0,0,0,0.37763214955590646,0.37763214955590646,-0.03437033252816816,0.029091678961845384,0.00015478244741493988,0.02867291044210093,0.0001551004181012418,False,False,False,-1,False,-1
171,0,1,1,1,0.37763214955590646,0.37763214955590646,-0.045706881393087206,0.0001613517608325215,0.029085109648427802,0.00016166869104102032,0.02866652946905935,False,False,False,-1,False,-1
172,1,1,0,0,0.37763214955590646,0.37763214955590646,0.0601362403541318,0.02907405991753323,0.0001724014917270936,0.02865579643630264,0.00017271657450188032,False,False,False,-1,False,-1
173,1,1,0,0,0.37763214955590646,0.37763214955590646,-0.02322069696726875,0.02909632627326152,0.0001501351359988027,0.02867742449108393,0.0001504538166879548,False,False,False,-1,False,-1
174,1,1,0,0,0.37763214955590646,0.37763214955590646,0.011861978018685042,0.029099210610105987,0.00014725079915433895,0.028680226108535923,0.00014756990964390023,False,False,False,-1,False,-1
175,1,1,0,0,0.37763214955590646,0.37763214955590646,0.04470148165156381,0.029085767378910596,0.00016069403034972606,0.028667168344481773,0.00016101106667638132,False,False,False,-1,False,-1
176,1,1,0,0,0.37763214955590646,0.37763214955590646,-0.0779085699021884,0.029056315474769254,0.00019014593449106685,0.028638560321756212,0.00019045779510198067,False,False,False,-1,False,-1
177,1,1,0,0,0.37763214955590646,0.37763214955590646,-0.011584320773464768,0.02909925773190767,0.0001472036773526515,0.0286802718788726,0.0001475227947948627,False,False,False,-1,False,-1
178,1,1,0,0,0.37763214955590646,0.37763214955590646,-0.06999394987644407,0.02906478106266892,0.00018168034659140118,0.02864678343259937,0.000181993783713155,False,False,False,-1,False,-1
179,1,1,0,0,0.37763214955590646,0.37763214955590646,-0.007063013174266084,0.029099868002821456,0.00014659340643886462,0.028680864646869784,0.00014691261372375876,False,False,False,-1,False,-1
180,1,0,1,1,0.37763214955590646,0.37763214955590646,0.03653447917730234,0.00015589295073472774,0.029090568458525593,0.00015621074856498753,0.02867183177954444,False,False,False,-1,False,-1
181,0,0,0,0,0.37763214955590646,0.37763214955590646,0.028832931845958427,0.029094211879944515,0.0001522495293158102,0.028675370730950386,0.00015256788965142611,False,False,False,-1,False,-1
182,0,0,0,0,0.37763214955590646,0.37763214955590646,0.032482408340879176,0.029092592383612174,0.00015386902564815163,0.028673797673001992,0.00015418713758944642,False,False,False,-1,False,-1
183,0,1,1,1,0.37763214955590646,0.37763214955590646,-0.016744546445072256,0.00014826178884254145,0.02909819962041778,0.0001485807496294713,0.028679244113764175,False,False,False,-1,False,-1
184,1,0,1,1,0.37763214955590646,0.37763214955590646,0.0448608794866506,0.00016079733296608871,0.029085664076294232,0.00016111435265454466,0.028667068003253717,False,False,False,-1,False,-1
185,0,0,0,0,0.37763214955590646,0.37763214955590646,-0.08895675552492972,0.029042986418163348,0.00020347499109697346,0.028625612903853705,0.0002037842242705937,False,False,False,-1,False,-1
186,0,0,0,0,0.37763214955590646,0.37763214955590646,0.06407951557802331,0.02907051665947899,0.00017594474978133295,0.028652354707032462,0.00017625921430047876,False,False,False,-1,False,-1
187,0,0,0,0,0.37763214955590646,0.37763214955590646,0.010198693028365935,0.029099476208265435,0.0001469852009948897,0.028680484089245846,0.00014730435064348138,False,False,False,-1,False,-1
188,0,0,0,0,0.37763214955590646,0.37763214955590646,0.08133568259501678,0.029052369252967628,0.00019409215629269475,0.02863472710650234,0.0001944032575300652,False,False,False,-1,False,-1
189,0,1,1,1,0.37763214955590646,0.37763214955590646,7.964707978167482e-05,0.00014623235296485964,0.02910022905629546,0.0001465516132278931,0.02868121534495466,False,False,False,-1,False,-1
190,1,1,0,0,0.37763214955590646,0.37763214955590646,0.0044139634885320585,0.02910008807422978,0.0001463733350305388,0.028681078406416316,0.0001466925746224866,False,False,False,-1,False,-1
191,1,1,0,0,0.37763214955590646,0.37763214955590646,0.012839731534439203,0.029099035788997762,0.0001474256202625611,0.02868005630132177,0.0001477447049385083,False,False,False,-1,False,-1
192,1,1,0,0,0.37763214955590646,0.37763214955590646,0.057949285550316254,0.029075928157085443,0.00017053325217487842,0.028657611138267397,0.00017084865588074178,False,False,False,-1,False,-1
193,1,1,0,0,0.37763214955590646,0.37763214955590646,-0.05919444889562156,0.02907487293093098,0.00017158847832934304,0.028656586151832936,0.00017190370119458045,False,False,False,-1,False,-1
194,1,0,1,1,0.37763214955590646,0.37763214955590646,-0.04174024945379033,0.00015884173998100587,0.029087619669279315,0.00015915907283169456,0.028668967533264356,False,False,False,-1,False,-1
195,0,0,0,0,0.37763214955590646,0.37763214955590646,-0.03638136029794608,0.029090649256958718,0.0001558121523016072,0.028671910261335313,0.000156129962750187,False,False,False,-1,False,-1
196,0,1,1,1,0.37763214955590646,0.37763214955590646,-0.020744819102437268,0.00014934726551011891,0.0290971141437502,0.00014966606442706976,0.028678189767174688,False,True,True,1,False,-1
197,1,0,1,1,0.37763214955590646,0.37763214955590646,0.05697083168025562,0.00016971977397163204,0.02907674163528869,0.00017003531632833608,0.028658401303807236,False,False,False,-1,False,-1
198,0,1,1,1,0.37763214955590646,0.37763214955590646,0.009779958536979598,0.0001469246465241276,0.029099536762736192,0.00014724380509082314,0.02868054290698329,False,False,False,-1,False,-1
199,1,0,1,1,0.37763214955590646,0.37763214955590646,-0.008943374842895193,0.00014681126697123646,0.029099650142289085,0.00014713044222594226,0.028680653034742806,False,False,False,-1,False,-1
200,0,0,0,0,0.37763214955590646,0.37763214955590646,-0.06868684243709729,0.029066092139139698,0.0001803692701206224,0.028648056950111588,0.00018068294499083915,True,False,True,0,False,-1
