group,x,qber_model,sifted_rate_model_bps,illustrative_postprocessing_bps,nominal_loss_db,rytov_variance,outage_fraction
1,0,0.0054985626510413409,47676202.885426298,38349795.140680321,2,0,0
1,13.333333333333334,0.0055654736716501917,26093508.890810002,20963680.878750376,4.666666666666667,0,0
1,26.666666666666668,0.0056092676001020282,14207900.739506939,11405669.934924038,7.3333333333333339,0,0
1,40,0.0056466897263501032,7714679.3174670469,6188919.949531449,10,0,0
1,53.333333333333336,0.0056922104124540298,4182695.3230406032,3352709.7675863574,12.666666666666668,0,0
1,66.666666666666671,0.0057635070383448561,2265942.9139545667,1813968.183066838,15.333333333333336,0,0
1,80,0.005888297799516236,1227028.2731433692,980072.74579233851,18,0,0
1,93.333333333333343,0.006115124106655153,664269.3819017167,528417.18372417288,20.666666666666668,0,0
1,106.66666666666666,0.0065322696371709265,359536.84370944783,283879.37357491779,23.333333333333332,0,0
1,120,0.0073020929702348062,194574.44496076199,151543.32502080681,26,0,0
1,133.33333333333331,0.0087234715298009271,105317.40733014264,80002.322841695364,28.666666666666664,0,0
1,146.66666666666666,0.011343472920189071,57061.834658716514,41419.428834458042,31.333333333333332,0,0
1,160,0.016149068327505234,31004.390843665991,20717.365772785099,34,0,0
1,173.33333333333334,0.024868532124283457,16955.468254194049,9723.5363809350292,36.666666666666671,0,0
1,186.66666666666666,0.040355294543235873,9394.6130672955696,4000.4308739090316,39.333333333333336,0,0
1,200,0.066800923019290179,5333.383159719705,1131.0834233494518,42,0,0
2,0.10000000000000001,0.005501092415842828,46811425.105588466,37652458.75701604,2.0200000014301183,0.0029223213883373747,0
2,0.76000000000000001,0.0055199744637583108,40565021.610999137,32617044.568213228,2.1520751977516701,0.12037959998118675,0
2,1.4200000000000002,0.0055476598610994469,33204753.815576483,26685502.724857297,2.3182339851451923,0.37866625806451543,0
2,2.0800000000000001,0.0055861788580429282,25009390.39093937,20085165.336126946,2.7665789570499388,0.76239040886568887,0
2,2.7400000000000002,0.005535864333702842,35355819.392410465,28420309.371042822,3.5853605159954944,1.2635836812235313,0
2,3.4000000000000004,0.0055615170316324469,29102269.504971649,23382611.884794738,4.5951897526123,1.8768921788081254,0
2,4.0599999999999996,0.0055901953065294416,23319074.219118748,18726302.976548966,5.654628588213269,2.598318416520804,0
2,4.7199999999999998,0.0056168245286695095,18579283.93211991,14912844.635920374,6.6963391462367392,3.4246929585141772,0
2,5.3799999999999999,0.0056394980243447846,14929140.483252008,11978108.940536337,7.69360965351399,4.3534024303775816,0
2,6.04,0.005659066322605366,12123620.743930956,9723713.8162847422,8.6382379061856156,5.3822313819010414,0
2,6.6999999999999993,0.0056764206337887946,9952877.4335836228,7980172.4644721514,9.5299819942714414,6.5092624378987622,0
2,7.3599999999999994,0.0057096912072436192,8398622.4865791686,6729931.8355743075,10.37181855579106,7.7328093505118165,0
2,8.0199999999999996,0.0057262104063964788,7014185.7568096155,5618887.3175404388,11.16783264727435,9.051370005351755,0
2,8.6799999999999997,0.0057419092071223183,5909812.5198891293,4732860.2752390262,11.922289215027313,10.463592216819178,0
2,9.3399999999999999,0.0057572830409741435,5019673.1822645422,4018878.8954170099,12.639240810406054,11.968248089163028,0
2,10,0.0057727288372642887,4295102.8619527938,3437811.0980491056,13.322380723463068,13.564214324334548,0
3,10,0.021965011856023526,20018.383767663901,12088.287121367979,36.354178024871771,1.5389305076220845,0
3,15.333333333333332,0.015244306532925854,34287.16289627424,23271.013174242005,32.663581913736053,0.71181243354645674,0
3,20.666666666666664,0.011042634264158999,60877.782737771457,44419.484595972084,30.205444467558838,0.41929282808080465,0
3,26,0.0090938367636202791,95082.125401599536,71761.926719112787,28.342926447433719,0.28177610919705398,0
3,31.333333333333332,0.0080514369536956627,135938.72546679707,104486.0944689473,26.855912328651442,0.20602358499482334,0
3,36.666666666666664,0.0074364964356092673,182096.29887906101,141488.23453524261,25.638570873678916,0.15987602482750451,0
3,42,0.0070474853331126365,231900.41496074176,181430.85089852204,24.629504598860379,0.12977104136011094,0
3,47.333333333333329,0.00678855174700152,283499.46652487817,222822.70774953725,23.789071343176154,0.10916572558942253,0
3,52.666666666666671,0.0066097538259815604,334946.59716196201,264098.37529948336,23.090022342954015,0.094584591169967397,0
3,58,0.0064831949500680879,384292.80723229324,303691.88451062597,22.512910495547825,0.084044676733204843,0
3,63.333333333333336,0.0063924379863715885,429670.75782392424,340103.45384753624,22.043555053207783,0.076352434361084728,0
3,68.666666666666671,0.0063274085720043879,469369.09769654635,371958.86780182825,21.671527489964063,0.0707614147705459,0
3,74,0.0062817781620290543,501896.8489012362,398061.0069708731,21.389201138994643,0.066794099055573763,0
3,79.333333333333329,0.006251553623929631,526037.21293001983,417432.95582108339,21.191138586747005,0.06414447916551623,0
3,84.666666666666671,0.0062342945362966057,540890.15357386053,429352.1398119629,21.073695982132836,0.062623238823725141,0
3,90,0.006228680789218336,545903.21173836489,433375.03769914835,21.034776633000263,0.062127102236662402,0
4,0,0.0055890965715164175,19263364.024390861,15469686.304039778,6,0,0
4,0.066666666666666666,0.022400700521866525,19263364.024390861,11543244.138690755,6,0,0
4,0.13333333333333333,0.040102489050776881,19263364.024390861,8246084.9134861836,6,0,0
4,0.20000000000000001,0.056419115147837949,19263364.024390861,5613450.9850838389,6,0,0
4,0.26666666666666666,0.071348133826761514,19263364.024390861,3446276.1990907169,6,0,0
4,0.33333333333333331,0.084895724405931378,19263364.024390861,1638875.2191846233,6,0,0
4,0.40000000000000002,0.10032134381226226,19263364.024390861,0,6,0,0
4,0.46666666666666667,0.117329909555429,19263364.024390861,0,6,0,0
4,0.53333333333333333,0.13206163539545057,19263364.024390861,0,6,0,0
4,0.59999999999999998,0.14620563550837232,19263364.024390861,0,6,0,0
4,0.66666666666666674,0.16153299716267439,19263364.024390861,0,6,0,0
4,0.73333333333333339,0.17656161889547128,19263364.024390861,0,6,0,0
4,0.80000000000000004,0.18941523880930236,19263364.024390861,0,6,0,0
4,0.8666666666666667,0.20217164590596556,19263364.024390861,0,6,0,0
4,0.93333333333333335,0.21403955102061972,19263364.024390861,0,6,0,0
4,1,0.22659913761268444,19263364.024390861,0,6,0,0
5,0,0.0055890965715164175,19263364.024390861,15469686.304039778,6,0,0
5,0.066666666666666666,0.0055938592286887533,17990939.841900978,14446605.061544066,6,0,0
5,0.13333333333333333,0.0055988076765578982,16716845.698576091,13422314.152248563,6,0,0
5,0.20000000000000001,0.0056039879861409575,15441079.415206868,12396812.148169687,6,0,0
5,0.26666666666666666,0.0056094629807919467,14163638.809740737,11370097.620985141,6,0,0
5,0.33333333333333331,0.0056153206119443078,12884521.697278054,10342169.142711837,6,0,0
5,0.40000000000000002,0.0056216879183667405,11603725.890067879,9313025.28683603,6,0,0
5,0.46666666666666667,0.005628755454192968,10321249.197504938,8282664.6302925786,6,0,0
5,0.53333333333333333,0.0056368226537433837,9037089.4261254165,7251085.7571368488,6,0,0
5,0.59999999999999998,0.0056463885573175276,7751244.3796036299,6218287.2658829214,6,0,0
5,0.66666666666666674,0.005658351396862089,6463711.8587478166,5184267.7856215695,6,0,0
5,0.73333333333333339,0.0056745075220529509,5174489.6614970174,4149026.0162288006,6,0,0
5,0.80000000000000004,0.0056990480093057948,3883575.582916629,3112560.8485879432,6,0,0
5,0.8666666666666667,0.0057445439556716455,2590967.4151951307,2074871.8427773474,6,0,0
5,0.93333333333333335,0.0058738252699669057,1296662.9476402071,1035962.5328637501,6,0,0
5,1,0.5,659.96667496657619,0,6,0,0
